transaction_id,customer_id,product_id,transaction_date,channel,quantity,unit_price,discount_pct,promo_flag,payment_method,days_since_last_purchase,prior_purchases,total_amount,repeat_purchase_next_month
703,176,3,2025-01-19,Web,5,16.07,0.166,1,Digital Wallet,33,8,94.27,1
915,182,11,2025-03-14,Web,7,336.58,0.09,0,Digital Wallet,21,10,2363.2,0
931,152,37,2025-11-05,App,1,5.66,0.261,0,Digital Wallet,50,8,10.51,1
814,239,30,2025-05-07,,5,18.92,0.203,0,Digital Wallet,26,5,75.95,1
449,80,62,2025-06-22,Store,7,40.57,0.0,1,Digital Wallet,45,4,367.01,0
766,227,50,2025-09-03,Store,3,447.57,0.029,0,Credit Card,57,13,1160.54,0
381,124,11,2025-08-07,App,5,276.09,0.085,1,Credit Card,62,10,1290.28,0
654,93,26,2025-12-03,Store,5,58.33,0.031,0,Digital Wallet,26,11,266.75,0
936,87,65,2025-02-03,Store,7,348.19,0.071,0,Transfer,26,13,2402.23,0
59,82,60,2025-05-21,App,3,44.2,0.145,0,Digital Wallet,29,7,122.66,1
813,168,4,2025-10-01,Store,5,16.48,0.032,0,,2,12,64.91,1
413,181,18,2025-06-06,Store,4,20.14,0.102,1,Digital Wallet,16,14,89.84,1
789,194,14,2025-02-01,Store,7,474.63,0.061,0,Digital Wallet,22,4,3734.6,0
805,164,29,2025-09-30,Store,3,9.55,0.176,0,Credit Card,29,7,24.6,1
485,212,12,2025-03-26,App,2,18.09,0.185,0,Digital Wallet,9,13,28.54,1
580,259,22,2025-08-28,App,5,85.16,0.199,1,Digital Wallet,8,3,359.4,0
98,53,50,2025-03-10,Store,3,415.3,0.093,1,Digital Wallet,53,7,1367.48,0
894,136,5,2025-07-02,App,5,78.25,0.157,0,Digital Wallet,52,6,326.47,0
900,176,1,2025-03-28,Store,3,547.67,0.001,0,Digital Wallet,19,10,1813.95,0
656,65,57,2025-04-30,Web,5,203.53,0.102,1,Digital Wallet,52,10,1114.97,0
746,238,25,2025-07-04,Store,7,156.3,0.063,0,Debit Card,18,6,1017.79,0
957,49,2,2025-08-23,Web,4,8.22,0.146,0,Credit Card,42,13,34.92,0
64,41,12,2025-03-30,Web,2,14.79,,1,Credit Card,24,10,41.55,1
1044,44,37,2025-01-22,Store,3,5.6,0.273,0,Digital Wallet,36,7,16.28,1
1009,22,59,2025-07-20,App,6,289.76,0.036,0,Digital Wallet,57,5,1897.55,0
31,109,44,2025-12-15,Store,2,12.55,0.085,0,Digital Wallet,45,4,13.11,0
723,254,17,2025-04-08,Store,5,38.58,0.045,0,Digital Wallet,62,10,204.95,0
230,229,2,2025-05-29,Store,14,10.28,0.251,0,Digital Wallet,28,7,220.96,0
216,254,16,2025-10-11,Store,7,36.5,0.073,0,Digital Wallet,38,8,236.07,0
623,90,34,2025-04-28,App,6,191.29,0.195,0,Digital Wallet,28,10,1037.45,0
435,286,58,2025-08-07,Store,6,9.68,0.037,0,Digital Wallet,49,6,44.07,0
596,149,11,2025-02-01,Web,3,308.69,0.124,0,Digital Wallet,34,9,967.08,0
190,174,64,2025-10-11,Store,5,68.76,0.096,1,Credit Card,29,7,334.1,0
932,284,5,2025-10-24,Store,4,67.14,0.106,0,Debit Card,43,13,210.97,0
66,116,28,2025-08-23,App,2,22.06,0.072,0,Debit Card,51,9,39.73,0
297,61,50,2025-10-26,App,2,491.99,0.234,0,Debit Card,3,7,746.34,0
259,274,47,2025-05-12,Store,4,212.8,0.019,0,Digital Wallet,38,6,924.85,0
285,242,53,2025-10-29,Store,4,58.77,,0,Credit Card,59,12,186.65,0
653,269,15,2025-04-08,App,5,,0.084,0,Credit Card,19,7,13.86,1
239,137,55,2025-01-29,Web,2,16.35,0.0,1,,58,15,31.32,1
612,143,12,2025-06-17,Store,5,15.13,,0,Digital Wallet,8,10,75.46,0
261,163,31,2025-01-18,Store,6,455.05,0.217,0,Credit Card,20,11,2421.9,0
14,229,56,2025-08-08,Store,1,256.58,0.12,0,Debit Card,53,8,206.11,0
534,252,63,2025-07-12,Store,4,768.65,,1,,39,10,3154.06,0
513,108,56,2025-02-09,Store,5,218.08,0.056,0,Digital Wallet,12,7,1224.99,0
961,267,61,2025-11-05,App,6,756.92,0.0,1,Digital Wallet,10,11,4455.07,0
678,189,63,2025-09-04,,5,741.11,0.155,0,Digital Wallet,27,10,2809.7,0
721,34,14,2025-11-17,Store,6,427.79,0.179,0,Digital Wallet,49,13,1886.68,0
1020,57,3,2025-05-16,Store,3,16.13,0.027,1,,16,20,57.8,1
416,101,5,2025-06-19,Store,4,86.63,0.035,1,,10,4,402.34,0
177,101,22,2025-05-22,Store,10,78.96,0.0,0,Digital Wallet,28,8,496.9,1
777,241,54,2025-03-22,Web,4,27.72,0.195,0,Debit Card,46,13,106.35,0
412,252,58,2025-03-05,Web,2,9.49,0.0,0,Digital Wallet,12,10,22.19,1
724,155,1,2025-06-15,App,6,524.5,0.039,0,Digital Wallet,54,10,3613.82,0
229,231,37,2025-12-02,Store,6,6.17,0.118,0,Debit Card,74,8,29.22,0
104,58,44,2025-11-24,Store,5,11.84,0.042,0,Digital Wallet,5,4,53.58,0
917,130,32,2025-09-12,Store,2,215.23,0.146,1,Digital Wallet,1,7,367.04,0
387,221,58,2025-09-18,Store,1,9.81,0.073,0,Digital Wallet,21,9,7.44,1
523,96,18,2025-06-01,Store,7,18.91,0.152,1,Digital Wallet,48,9,138.91,0
522,103,52,2025-01-06,Store,5,128.79,0.21,0,Transfer,41,11,518.01,0
404,184,55,2025-11-23,Web,7,16.46,0.019,1,Digital Wallet,18,7,123.21,0
782,123,6,2025-04-04,App,5,245.29,0.098,0,Digital Wallet,1,12,1239.13,0
694,269,47,2025-05-19,Store,2,217.76,0.186,0,Digital Wallet,22,4,384.75,0
886,206,3,2025-04-30,Store,7,11.62,0.132,0,Credit Card,20,12,83.02,0
191,198,6,2025-08-29,Store,2,251.64,0.17,1,Digital Wallet,24,8,427.25,0
1054,56,12,2025-03-11,Store,6,15.46,0.047,1,Digital Wallet,13,6,109.49,0
448,225,38,2025-10-15,Store,2,11.4,0.136,0,Digital Wallet,49,8,10.87,0
800,204,21,2025-03-11,Store,2,33.58,0.043,0,Digital Wallet,27,10,80.08,1
516,205,18,2025-01-30,Web,7,18.81,0.058,0,Credit Card,68,16,137.05,0
252,212,21,2025-02-21,Store,4,32.97,0.046,0,Debit Card,69,10,124.89,0
1060,183,20,2025-03-07,Store,3,5.29,0.156,1,Debit Card,49,6,20.47,1
758,35,26,2025-07-22,Store,5,58.3,0.11,0,Digital Wallet,28,8,275.72,0
86,223,19,2025-12-25,Web,4,95.22,0.178,0,Digital Wallet,47,6,297.5,0
497,248,5,2025-06-18,Web,5,64.98,0.019,0,Digital Wallet,12,11,341.96,0
765,128,47,2025-09-18,Web,2,267.23,0.111,0,Credit Card,43,8,419.93,0
289,277,41,2025-07-27,Web,4,84.47,0.058,0,Digital Wallet,1,9,361.45,0
312,40,13,2025-04-14,Store,3,18.14,0.035,1,Debit Card,44,12,63.42,1
947,171,58,2025-07-19,Web,6,8.75,0.0,1,Digital Wallet,57,9,61.77,1
655,245,30,2025-12-09,App,1,21.32,0.203,1,Digital Wallet,41,11,18.25,0
106,140,40,2025-08-08,Store,5,431.37,0.133,0,Debit Card,17,5,1750.05,0
211,215,40,2025-01-24,Store,5,591.1,0.183,0,Digital Wallet,16,12,2411.68,0
204,256,19,2025-08-14,Store,7,76.93,0.038,1,Debit Card,51,11,542.45,0
207,135,25,2025-06-14,App,1,159.12,0.093,0,Digital Wallet,46,11,171.41,0
597,67,26,2025-10-14,Store,2,62.13,0.0,0,Debit Card,1,10,105.5,0
640,167,42,2025-03-24,App,2,301.32,0.096,0,Digital Wallet,62,7,593.02,0
520,84,18,2025-04-30,Store,4,18.61,0.0,0,Debit Card,8,5,80.6,0
349,2,57,2025-07-17,App,6,226.33,0.07,0,Digital Wallet,22,6,1265.07,0
639,10,24,2025-07-15,Store,6,503.45,0.201,0,Digital Wallet,41,10,2416.48,0
981,71,30,2025-05-11,Store,3,21.45,0.134,1,Digital Wallet,34,10,61.74,0
171,193,47,2025-10-14,Store,4,253.16,0.166,1,Digital Wallet,9,7,808.77,0
78,39,24,2025-10-21,Store,7,394.45,0.038,0,Digital Wallet,24,7,2331.01,0
37,260,60,2025-09-19,Store,4,40.1,0.129,0,Digital Wallet,29,12,125.6,0
1007,14,22,2025-03-23,Web,5,79.91,0.103,0,Digital Wallet,36,13,436.87,0
736,82,1,2025-12-04,Store,1,642.25,0.133,1,Digital Wallet,49,10,558.35,0
1057,51,21,2025-06-09,App,4,34.08,0.229,1,Digital Wallet,22,12,124.61,1
798,226,12,2025-11-02,Store,1,15.48,0.096,1,Debit Card,63,9,15.03,0
889,279,43,2025-02-24,Store,1,28.49,0.116,1,Digital Wallet,62,9,27.63,1
84,252,54,2025-06-12,App,1,24.93,0.17,1,Debit Card,21,5,20.29,1
664,140,44,2025-08-12,,1,13.43,0.14,0,Credit Card,1,11,11.24,0
667,129,35,2025-06-03,Web,16,241.71,0.098,0,Digital Wallet,57,5,4318.41,0
876,48,21,2025-12-13,Store,4,30.32,0.052,0,Digital Wallet,70,8,126.28,0
463,186,54,2025-09-16,Store,4,26.15,0.0,0,Debit Card,55,7,86.57,0
877,98,8,2025-06-05,Store,4,82.4,0.061,0,Digital Wallet,82,15,330.46,0
955,209,24,2025-04-16,Store,4,439.31,0.15,0,Digital Wallet,40,14,1670.39,0
875,228,38,2025-11-17,App,7,10.59,0.069,0,Digital Wallet,1,9,66.62,0
717,131,30,2025-06-08,Store,16,,0.0,0,Digital Wallet,58,6,101.43,0
436,109,56,2025-10-04,Store,5,265.2,0.136,1,Digital Wallet,49,7,1258.36,0
976,87,50,2025-12-09,App,11,428.8,0.031,0,Digital Wallet,24,7,10445.73,0
503,262,33,2025-06-03,Store,4,629.47,0.051,0,Debit Card,26,8,2533.85,0
300,24,45,2025-11-15,Store,7,10.78,0.181,1,Digital Wallet,38,6,62.22,1
18,94,53,2025-05-19,App,5,65.42,0.137,0,Debit Card,37,7,321.03,0
475,224,10,2025-09-20,Store,4,19.83,0.006,0,Digital Wallet,38,9,86.52,0
440,88,4,2025-03-01,Store,5,15.28,0.24,0,Digital Wallet,25,10,79.09,1
291,33,64,2025-06-11,Web,7,70.19,0.028,1,Transfer,81,7,560.6,0
371,143,29,2025-11-13,App,4,8.78,0.129,0,Digital Wallet,39,9,20.09,0
288,78,53,2025-07-15,Store,6,62.29,0.17,0,Debit Card,44,10,314.36,0
225,172,33,2025-12-25,Store,4,714.24,0.033,0,Digital Wallet,61,10,2602.92,0
729,4,9,2025-06-18,App,2,14.21,0.0,1,Debit Card,6,9,29.97,1
755,227,9,2025-09-29,Web,5,12.63,0.148,0,Debit Card,14,14,43.53,0
733,19,2,2025-05-24,Store,5,8.42,0.076,0,Digital Wallet,18,5,38.03,0
88,169,58,2025-12-19,Store,3,9.26,0.191,0,Digital Wallet,36,8,25.05,1
856,246,12,2025-11-05,Web,1,18.32,0.01,0,Debit Card,36,11,21.0,1
38,6,19,2025-11-14,App,5,79.43,0.11,0,Digital Wallet,27,10,325.88,0
937,125,35,2025-07-17,Store,15,258.32,0.037,0,Credit Card,29,9,7677.5,0
444,53,18,2025-09-24,Store,4,16.66,0.0,0,Digital Wallet,34,6,58.77,0
21,190,13,2025-11-25,Store,5,18.16,0.145,0,Digital Wallet,1,8,72.4,0
55,187,55,2025-12-14,Store,5,14.26,0.095,0,Credit Card,40,12,64.19,1
668,101,8,2025-05-03,Store,3,75.77,0.098,0,Digital Wallet,57,15,263.92,0
212,271,20,2025-09-30,Store,5,5.1,0.137,0,,21,9,28.34,0
946,276,32,2025-09-01,Store,7,178.86,,0,Digital Wallet,12,9,1069.25,0
366,61,13,2025-01-29,App,5,17.57,0.251,0,Digital Wallet,19,4,67.5,0
975,170,29,2025-03-21,Store,3,9.76,0.088,1,Debit Card,55,12,28.11,0
884,187,48,2025-03-01,Store,6,4.24,0.189,0,Digital Wallet,3,9,22.6,1
854,179,22,2025-07-14,Web,4,76.56,0.127,0,Debit Card,72,14,262.48,0
844,10,5,2025-07-17,Web,3,78.69,0.127,0,Digital Wallet,11,20,213.91,0
944,54,39,2025-11-14,Store,7,291.05,0.051,0,Digital Wallet,33,6,1727.03,0
121,233,60,2025-05-31,App,6,44.42,0.069,0,Debit Card,35,11,303.16,0
406,94,30,2025-04-07,Store,3,21.23,0.147,0,Digital Wallet,14,16,57.55,1
141,241,31,2025-03-18,Store,3,529.02,0.097,1,Digital Wallet,7,5,1728.36,0
358,237,42,2025-12-24,Store,5,318.21,0.137,0,Credit Card,37,9,1292.03,0
727,140,10,2025-07-28,Store,2,19.39,0.076,0,Credit Card,41,9,25.08,0
593,158,14,2025-07-20,Web,1,449.66,0.121,0,Credit Card,41,9,445.9,0
385,272,61,2025-09-07,App,2,705.42,0.153,0,Digital Wallet,56,8,1205.37,0
130,95,64,2025-07-28,Store,2,68.22,0.13,1,Digital Wallet,27,8,123.72,0
437,269,3,2025-09-10,App,5,,0.186,1,Digital Wallet,56,11,71.0,0
711,204,64,2025-01-25,Store,6,78.55,0.081,0,Digital Wallet,38,12,481.9,0
848,215,11,2025-02-15,Store,7,300.5,0.13,1,Digital Wallet,32,17,2392.69,0
934,233,56,2025-12-20,Store,4,244.63,0.047,0,Digital Wallet,1,9,996.21,0
242,266,49,2025-03-05,Store,6,220.38,0.227,0,Digital Wallet,23,13,1131.31,0
234,47,37,2025-07-27,Store,4,6.29,0.077,0,Digital Wallet,1,16,32.81,0
787,216,8,2025-10-08,App,4,87.87,0.078,1,Debit Card,24,5,315.71,0
186,114,56,2025-01-18,Store,3,260.07,0.0,1,,28,11,979.03,0
922,127,15,2025-11-15,Store,7,4.55,0.058,1,Digital Wallet,35,3,33.23,1
50,45,2,2025-10-31,Store,3,9.14,0.112,0,Credit Card,11,4,15.83,1
159,66,22,2025-04-12,Store,6,82.18,0.0,0,Debit Card,55,7,612.0,0
833,251,41,2025-04-10,Store,6,84.11,0.131,0,Digital Wallet,15,9,487.58,0
377,22,13,2025-11-10,Store,5,17.07,0.003,0,Digital Wallet,18,5,69.73,0
1058,151,10,2025-04-23,App,1,14.87,0.09,1,Debit Card,1,8,22.45,0
914,83,16,2025-04-07,Store,1,33.67,0.061,1,Digital Wallet,34,9,36.89,1
983,116,38,2025-05-15,Store,6,12.11,0.208,1,Digital Wallet,68,11,69.63,0
648,121,41,2025-11-15,Store,3,90.89,0.184,1,Debit Card,41,9,243.15,0
355,183,21,2025-03-28,App,2,33.84,0.122,0,Digital Wallet,54,5,64.67,0
850,278,66,2025-09-20,Web,5,158.51,0.032,1,Digital Wallet,22,12,845.19,0
1026,68,33,2025-05-24,Store,7,698.83,0.0,0,Debit Card,46,11,6108.68,0
337,91,14,2025-01-09,Store,2,518.01,0.068,0,Debit Card,48,12,957.75,0
133,60,36,2025-02-27,Web,2,170.21,0.069,1,Credit Card,1,3,363.36,0
734,270,51,2025-06-23,Web,1,45.32,0.012,0,Digital Wallet,18,11,43.51,0
565,107,17,2025-05-23,Web,3,43.32,0.031,0,Digital Wallet,46,8,137.26,0
153,259,24,2025-02-19,Store,5,480.14,0.157,0,Digital Wallet,16,7,2150.72,0
144,70,63,2025-09-17,Store,4,673.83,0.136,0,Credit Card,44,10,2085.46,0
370,268,47,2025-12-22,Store,4,202.56,0.138,1,Debit Card,46,9,719.3,0
399,217,38,2025-11-21,App,2,10.83,0.053,1,Credit Card,77,16,27.59,0
591,26,24,2025-10-31,App,4,541.76,0.15,0,Digital Wallet,42,7,1630.69,0
658,12,64,2025-09-27,Store,5,75.21,0.182,0,Digital Wallet,70,7,304.68,0
125,200,34,2025-07-07,App,5,187.93,0.221,0,Digital Wallet,36,5,737.67,0
354,150,52,2025-09-19,Web,1,140.11,0.119,1,Digital Wallet,19,4,112.43,0
681,157,43,2025-07-02,Store,1,26.44,0.167,0,Debit Card,12,8,19.78,1
1018,100,19,2025-08-13,Web,5,98.84,0.02,0,Digital Wallet,32,12,461.82,0
140,14,5,2025-06-12,Store,2,80.3,0.197,0,Debit Card,70,8,134.18,0
219,74,58,2025-08-02,App,4,8.74,0.131,1,Digital Wallet,16,11,41.07,0
148,283,37,2025-11-06,App,2,6.0,0.244,0,Digital Wallet,37,8,1.06,1
618,213,66,2025-10-23,Store,3,145.12,0.103,1,Digital Wallet,17,9,362.57,0
909,36,11,2025-10-29,Store,7,280.99,0.154,0,Digital Wallet,33,5,1463.13,0
605,143,3,2025-02-09,Store,1,12.66,0.131,0,Digital Wallet,45,10,19.91,0
841,54,20,2025-07-19,Web,6,5.1,0.12,0,Credit Card,21,10,33.5,0
1046,195,33,2025-05-04,Store,1,661.71,0.174,0,Digital Wallet,38,6,686.11,0
282,42,47,2025-04-20,Store,2,244.08,0.135,0,Digital Wallet,28,10,525.25,0
260,262,6,2025-10-13,Store,19,228.32,0.022,1,Digital Wallet,19,13,2718.17,0
550,107,61,2025-01-07,Store,7,754.92,0.105,1,Digital Wallet,47,13,5164.77,0
365,197,33,2025-05-25,Store,3,582.01,0.163,0,Digital Wallet,28,7,1805.05,0
843,269,65,2025-04-08,Store,6,358.51,0.169,1,Digital Wallet,30,6,2196.03,0
525,228,45,2025-03-10,Web,2,12.15,0.199,0,Digital Wallet,75,11,15.28,1
993,231,61,2025-08-22,Store,3,730.62,0.096,0,Digital Wallet,45,9,1871.02,0
49,182,2,2025-02-23,Store,5,10.35,0.095,1,Debit Card,23,5,52.0,1
374,236,42,2025-03-29,Store,2,301.02,0.061,1,Digital Wallet,34,6,765.21,0
582,62,9,2025-03-29,App,5,12.81,0.119,0,Digital Wallet,43,8,76.58,1
676,213,12,2025-06-06,Store,7,13.84,0.165,0,Digital Wallet,42,6,87.27,0
320,25,9,2025-12-29,App,6,11.95,0.077,0,Digital Wallet,1,7,61.64,1
995,220,24,2025-10-16,Store,4,504.32,0.168,1,Digital Wallet,31,11,1610.04,0
319,214,8,2025-11-14,Store,3,84.95,0.094,0,Digital Wallet,14,7,196.9,0
101,84,6,2025-01-18,Store,7,253.42,,0,Digital Wallet,4,9,1914.55,0
890,67,32,2025-02-22,App,4,216.63,0.066,0,Digital Wallet,44,8,967.31,0
403,108,46,2025-01-28,Store,2,33.18,0.123,1,Digital Wallet,28,7,62.28,0
1003,200,36,2025-05-13,Store,1,156.41,0.138,1,Digital Wallet,38,8,167.34,0
556,55,52,2025-11-23,Store,6,135.15,0.168,0,Debit Card,42,8,672.42,0
599,29,6,2025-04-09,Store,7,234.82,0.167,1,Debit Card,46,7,1676.29,0
897,95,48,2025-03-08,Store,7,4.42,0.159,1,Transfer,36,13,37.64,0
767,8,1,2025-07-31,Store,6,610.87,0.0,1,Credit Card,77,13,4010.32,0
715,53,60,2025-08-05,Store,7,41.19,0.126,0,Transfer,32,7,235.47,0
713,228,32,2025-05-31,Store,3,235.57,0.185,0,Digital Wallet,62,9,724.73,0
700,213,43,2025-08-27,Store,4,28.55,0.061,0,Digital Wallet,35,12,107.14,1
290,120,19,2025-08-05,Store,6,91.91,0.0,1,Digital Wallet,86,9,563.6,0
855,225,46,2025-11-23,App,4,28.69,0.143,0,,2,9,97.13,0
390,246,12,2025-04-18,Web,3,15.63,0.103,0,Digital Wallet,47,8,47.89,0
574,185,55,2025-07-05,Store,5,17.96,0.027,0,Digital Wallet,8,12,102.04,0
7,240,39,2025-02-26,Store,1,296.92,0.135,1,Digital Wallet,51,13,296.04,0
28,168,63,2025-02-23,Store,3,673.05,0.076,0,Debit Card,22,15,2237.24,0
27,183,5,2025-03-10,Store,1,64.92,0.114,1,Debit Card,1,9,69.73,1
205,263,48,2025-11-21,App,2,4.99,0.121,0,Cash,64,14,19.84,0
438,169,63,2025-04-20,App,7,746.44,0.072,1,Digital Wallet,51,14,6721.73,0
324,266,63,2025-08-30,Store,7,663.86,0.242,1,Digital Wallet,26,13,4096.45,0
1027,280,29,2025-05-14,App,1,10.37,0.069,0,Cash,1,9,8.39,1
555,166,45,2025-10-10,Store,4,12.34,0.094,0,Digital Wallet,6,9,36.8,0
429,205,33,2025-08-23,Store,7,614.32,,0,,13,10,4564.1,0
310,152,63,2025-05-21,Store,3,757.4,0.293,0,Debit Card,23,8,1778.84,0
202,213,57,2025-08-20,,7,197.57,0.119,1,Digital Wallet,27,10,1252.04,0
940,3,57,2025-03-14,Store,7,196.02,0.051,1,Digital Wallet,1,8,1571.46,0
572,242,46,2025-08-18,Store,4,35.57,0.086,0,Debit Card,53,8,127.6,0
982,99,36,2025-01-07,Store,7,169.51,0.0,0,Digital Wallet,1,10,1186.14,0
344,41,49,2025-09-24,Store,6,223.67,,1,Digital Wallet,39,13,1231.42,0
480,193,29,2025-08-02,Store,5,9.04,0.076,0,Digital Wallet,55,8,50.28,1
491,151,30,2025-05-12,Store,3,18.29,0.122,1,Digital Wallet,32,10,63.78,1
203,162,20,2025-06-23,App,7,5.31,0.211,0,Digital Wallet,29,8,33.33,1
801,19,11,2025-12-07,Store,2,370.69,0.018,1,Digital Wallet,41,6,842.29,0
264,214,26,2025-02-20,Store,1,61.82,0.04,0,Debit Card,37,7,61.18,1
741,90,38,2025-11-12,Store,3,12.89,0.119,0,Digital Wallet,39,5,27.74,0
237,255,19,2025-02-11,Store,1,89.5,0.125,1,Cash,25,12,82.52,0
990,172,16,2025-06-19,App,6,30.91,0.072,0,Debit Card,62,8,191.11,0
575,98,58,2025-01-11,App,4,,0.0,1,Debit Card,28,15,47.6,0
579,43,49,2025-10-11,Web,6,219.74,,0,Transfer,43,7,1075.54,0
280,50,13,2025-01-06,Store,7,15.95,0.14,0,Digital Wallet,16,10,94.65,0
155,2,2,2025-07-22,Store,3,10.07,0.07,0,Digital Wallet,35,7,24.32,0
776,231,64,2025-04-17,App,1,70.95,0.013,1,Digital Wallet,30,10,79.41,0
980,60,12,2025-12-16,Store,7,16.09,0.21,1,Digital Wallet,59,9,83.55,1
151,96,52,2025-02-26,App,4,140.68,0.139,1,Digital Wallet,39,8,563.6,0
689,217,39,2025-07-04,Store,1,289.9,0.229,0,Transfer,71,10,230.56,0
415,256,10,2025-01-15,Store,3,18.68,0.062,1,Digital Wallet,1,8,58.09,1
251,87,41,2025-10-16,Web,4,73.68,0.072,1,Debit Card,18,9,263.42,0
542,29,34,2025-10-31,App,2,177.6,0.03,0,Digital Wallet,51,9,308.07,0
615,256,49,2025-01-07,Store,1,195.12,0.199,0,Digital Wallet,61,7,151.85,0
861,209,31,2025-02-14,Store,4,419.41,0.168,1,Digital Wallet,25,12,1616.7,0
540,55,62,2025-05-19,Web,5,39.63,0.145,0,Digital Wallet,40,6,193.47,0
460,70,4,2025-12-10,Web,4,18.01,0.038,0,Digital Wallet,14,7,70.43,1
454,114,45,2025-12-16,Store,7,11.54,0.03,0,Transfer,51,5,66.14,0
238,243,44,2025-12-11,App,2,10.49,0.055,0,Debit Card,40,9,12.19,0
226,203,34,2025-06-09,,2,194.12,0.037,0,Digital Wallet,51,5,394.58,0
317,125,57,2025-12-19,Store,2,210.55,0.114,0,Digital Wallet,28,12,352.21,0
433,145,29,2025-08-26,Store,2,9.0,0.053,0,Digital Wallet,34,9,22.06,1
772,108,35,2025-11-21,App,7,282.55,0.162,0,Digital Wallet,76,13,1489.97,0
348,228,25,2025-09-05,App,7,134.15,0.077,1,Digital Wallet,24,10,845.76,0
414,184,11,2025-10-23,Store,4,332.48,0.129,1,Digital Wallet,40,4,1111.74,0
770,78,50,2025-08-27,Store,1,424.75,0.114,0,Digital Wallet,36,9,343.84,0
1017,227,55,2025-06-14,Store,1,15.17,0.103,1,Debit Card,33,7,26.66,1
788,8,58,2025-08-17,Store,6,11.05,0.142,0,Digital Wallet,16,13,48.15,1
472,165,44,2025-01-23,App,6,11.12,0.192,1,Transfer,20,10,71.07,0
710,99,8,2025-04-15,Store,5,80.29,0.039,1,Debit Card,56,7,477.69,0
910,68,16,2025-12-04,App,6,31.03,0.041,1,Credit Card,11,6,180.67,0
95,111,26,2025-10-12,Store,4,59.7,0.088,0,Digital Wallet,1,5,206.4,0
410,101,56,2025-08-24,Store,3,253.95,0.111,1,Digital Wallet,43,19,786.5,0
134,77,30,2025-07-18,Store,4,18.64,0.0,0,,50,6,80.84,0
467,191,39,2025-04-09,,4,285.54,0.001,0,Digital Wallet,57,12,1273.38,0
447,125,41,2025-09-08,Web,4,,0.148,0,Digital Wallet,62,6,260.47,0
665,216,62,2025-04-28,Web,3,40.0,0.105,0,Digital Wallet,54,3,113.69,0
1025,14,60,2025-09-04,Web,5,45.18,0.165,0,Digital Wallet,48,11,169.21,0
47,208,37,2025-07-19,Store,7,5.69,,1,Credit Card,2,7,55.11,0
606,153,43,2025-03-18,Store,2,31.56,0.013,0,Debit Card,44,14,67.77,0
296,52,64,2025-08-13,Store,4,76.35,0.09,0,Digital Wallet,39,16,262.01,0
864,144,55,2025-09-07,Store,5,16.44,0.156,0,Digital Wallet,43,7,67.15,0
790,183,1,2025-08-06,Store,7,542.24,0.072,1,Digital Wallet,44,15,3624.5,0
199,232,4,2025-08-20,Store,3,15.21,0.205,0,Debit Card,42,9,31.06,0
132,69,41,2025-11-23,Store,4,85.19,0.108,0,Digital Wallet,62,10,301.74,0
330,182,29,2025-06-17,Store,4,8.59,0.136,1,Digital Wallet,39,10,35.15,0
283,159,22,2025-03-30,Store,4,76.11,0.028,0,Digital Wallet,63,14,376.6,0
82,285,26,2025-03-12,Store,2,52.41,0.052,0,Debit Card,52,12,109.25,0
383,181,26,2025-08-14,Store,4,66.68,0.155,0,Digital Wallet,44,9,207.09,0
643,237,40,2025-11-25,,3,497.23,0.079,0,Debit Card,16,12,1233.47,0
863,236,58,2025-07-20,Store,4,,0.174,0,Digital Wallet,49,7,25.41,1
521,217,40,2025-03-11,Store,3,596.28,0.079,0,Digital Wallet,17,10,1815.69,0
817,65,2,2025-02-12,Store,2,9.81,0.059,0,Digital Wallet,41,10,11.92,0
91,228,14,2025-03-20,Store,1,456.58,0.15,0,Debit Card,12,15,425.73,0
315,205,24,2025-01-03,Web,1,436.05,0.014,1,Credit Card,46,6,471.34,0
136,128,37,2025-08-08,Store,5,5.68,0.062,0,Transfer,17,6,20.13,1
396,247,24,2025-06-09,Store,2,446.63,0.017,0,Digital Wallet,9,8,926.35,0
551,52,37,2025-08-18,Store,1,6.32,0.122,0,Digital Wallet,20,11,5.44,0
1037,27,19,2025-10-14,Web,2,88.34,0.097,1,Digital Wallet,53,10,147.07,0
696,247,36,2025-12-28,App,6,149.25,0.055,0,Cash,67,7,906.18,0
617,156,19,2025-05-24,Store,6,,0.097,1,Credit Card,38,8,796.27,0
695,130,12,2025-01-27,Store,2,16.03,0.122,1,Digital Wallet,59,4,38.41,0
176,151,41,2025-04-07,Store,1,76.27,0.185,0,Digital Wallet,9,4,66.52,0
1056,142,42,2025-03-28,Store,7,338.81,0.148,0,Digital Wallet,51,10,2240.62,0
907,16,5,2025-01-06,Store,2,76.85,0.153,1,Debit Card,35,11,141.04,1
903,147,43,2025-07-30,Store,6,31.99,0.076,1,Debit Card,5,6,185.94,0
531,87,62,2025-10-20,Store,5,,0.057,0,Digital Wallet,51,6,180.38,0
462,231,34,2025-09-07,App,2,176.5,0.0,0,Digital Wallet,88,7,355.88,0
628,86,43,2025-07-20,Store,3,28.35,0.106,0,Digital Wallet,5,6,86.38,0
343,228,63,2025-11-14,Store,7,744.95,0.188,0,Digital Wallet,53,7,3794.99,0
547,10,33,2025-04-03,Web,7,641.7,0.242,1,Transfer,26,8,4181.37,0
409,238,2,2025-05-07,Web,6,9.47,0.053,1,Credit Card,66,5,66.26,1
662,186,15,2025-10-03,App,7,4.83,0.104,0,Digital Wallet,54,8,30.55,0
376,274,7,2025-06-07,Web,2,577.69,0.283,0,Digital Wallet,23,13,998.81,0
973,75,58,2025-11-12,Store,5,10.33,0.225,1,Digital Wallet,45,13,36.89,0
486,238,35,2025-01-05,App,7,259.85,0.135,0,Debit Card,8,14,1781.84,0
512,155,62,2025-09-15,,6,,,1,Digital Wallet,30,6,183.58,0
747,6,46,2025-03-28,Store,1,33.7,0.029,0,Transfer,12,7,41.06,0
925,143,13,2025-10-20,Store,3,17.64,0.106,1,Digital Wallet,32,13,43.55,0
822,4,61,2025-10-16,Store,7,723.58,0.074,1,Debit Card,55,4,4505.67,0
469,268,53,2025-07-05,Store,5,58.34,0.148,0,Credit Card,39,11,285.37,0
799,240,58,2025-05-02,Store,5,9.14,0.042,1,Debit Card,45,11,65.57,0
504,114,33,2025-01-16,Store,4,582.67,0.282,0,Digital Wallet,24,4,1672.89,0
400,220,19,2025-10-25,Store,4,90.69,0.266,1,Digital Wallet,21,11,289.69,0
195,72,65,2025-06-03,Store,6,364.19,0.164,1,Digital Wallet,35,5,2125.33,0
619,123,54,2025-06-17,App,5,22.37,0.106,0,Cash,60,9,104.19,0
110,214,49,2025-03-21,Store,6,233.47,0.0,0,Digital Wallet,30,5,1550.59,0
994,163,28,2025-12-12,Store,7,19.18,0.049,0,Transfer,21,9,130.7,0
834,200,33,2025-10-28,Store,7,727.99,0.037,0,Digital Wallet,17,5,4316.46,0
794,233,5,2025-09-29,Store,7,82.28,0.018,0,Debit Card,40,3,510.79,0
417,224,9,2025-04-22,Web,4,12.45,0.024,0,Digital Wallet,1,13,52.14,0
680,261,25,2025-04-28,Store,1,131.64,0.141,1,Digital Wallet,12,13,139.54,1
52,68,60,2025-11-12,Store,5,43.05,0.0,0,Debit Card,30,11,188.93,0
254,32,40,2025-04-24,Store,1,531.9,0.089,1,Digital Wallet,48,8,595.62,0
392,243,45,2025-03-15,Store,4,11.7,0.243,0,Transfer,32,10,37.91,0
809,161,47,2025-09-27,App,6,242.1,0.052,0,Digital Wallet,36,4,1399.56,0
127,205,50,2025-06-27,Store,6,471.16,0.145,0,Credit Card,28,6,2565.75,0
823,159,19,2025-06-29,App,6,91.54,0.255,0,Digital Wallet,41,10,492.87,0
929,153,24,2025-06-25,App,6,449.54,0.197,1,Digital Wallet,54,12,2514.24,0
382,240,51,2025-10-16,Store,5,47.68,0.141,0,Digital Wallet,46,10,186.01,0
927,77,55,2025-10-23,Store,6,14.3,0.0,1,Debit Card,1,3,84.14,0
952,36,22,2025-08-06,Store,4,74.16,0.019,0,Debit Card,6,5,283.48,0
888,221,7,2025-01-03,Store,5,577.07,0.116,0,Debit Card,27,7,2565.44,0
837,255,63,2025-05-15,Store,2,654.66,0.079,0,Digital Wallet,47,6,1323.7,0
891,133,23,2025-07-17,Store,7,366.62,0.105,0,Digital Wallet,33,7,2291.16,0
162,243,44,2025-08-12,Web,1,11.07,0.049,1,,52,11,17.0,1
954,96,12,2025-11-20,App,5,18.89,0.067,1,Digital Wallet,25,6,83.8,1
201,193,8,2025-01-04,App,6,78.8,0.021,0,Digital Wallet,24,9,518.28,0
418,98,22,2025-09-28,Store,2,81.14,0.051,0,Credit Card,4,3,166.76,0
768,196,15,2025-01-13,Store,7,4.26,0.152,0,Digital Wallet,47,11,22.01,1
783,72,42,2025-06-19,App,3,286.08,0.109,0,Digital Wallet,17,11,815.38,0
182,145,23,2025-07-06,Store,6,385.96,0.086,0,Digital Wallet,59,10,2388.06,0
488,43,16,2025-05-24,Store,1,33.52,0.094,0,Digital Wallet,32,8,31.99,1
178,46,22,2025-09-09,Store,6,77.56,0.193,0,Digital Wallet,1,10,337.85,0
795,238,58,2025-05-03,Store,2,9.78,0.189,0,Credit Card,28,5,12.59,1
624,18,45,2025-10-04,Web,2,10.69,0.154,0,Digital Wallet,63,8,25.9,1
17,210,25,2025-09-02,Web,3,143.74,0.126,0,Digital Wallet,51,9,326.87,0
223,142,1,2025-03-27,Store,2,609.96,0.103,1,Digital Wallet,36,7,1330.11,0
481,213,2,2025-08-23,Store,2,10.34,0.0,0,Digital Wallet,33,7,14.19,1
529,18,11,2025-07-16,Web,2,308.81,0.15,0,Digital Wallet,45,4,529.01,0
214,42,28,2025-11-08,Store,7,18.97,0.117,1,Digital Wallet,55,13,135.26,0
206,7,7,2025-05-18,Store,2,567.09,0.162,0,Digital Wallet,50,7,1190.04,0
636,105,38,2025-06-26,App,6,12.26,0.09,0,Debit Card,33,7,71.39,0
637,44,35,2025-11-18,Store,7,249.39,0.108,1,Digital Wallet,12,12,1521.63,0
985,63,19,2025-01-04,App,6,83.7,0.049,0,Digital Wallet,28,6,540.96,0
394,29,14,2025-05-28,App,1,444.96,0.205,0,Digital Wallet,15,13,379.51,0
803,142,26,2025-04-16,Store,6,59.93,0.048,1,Debit Card,58,6,422.18,0
847,14,37,2025-06-03,App,7,6.61,0.034,0,Digital Wallet,51,13,52.6,0
235,170,13,2025-02-21,Web,7,18.49,0.0,0,Digital Wallet,39,9,130.46,0
421,86,30,2025-03-26,Store,1,,,0,Digital Wallet,35,4,22.64,1
231,251,15,2025-02-19,App,6,4.2,0.264,0,Credit Card,46,11,13.98,1
999,276,63,2025-01-18,Store,7,664.18,0.06,1,Debit Card,32,7,5392.73,0
269,43,9,2025-02-15,Store,5,13.28,0.112,0,Transfer,29,9,69.25,0
198,215,40,2025-02-26,Store,2,599.27,0.08,1,Digital Wallet,18,9,1272.45,0
906,165,47,2025-09-22,Store,15,217.11,0.11,1,Digital Wallet,24,12,5019.72,0
620,118,17,2025-09-28,Store,3,39.32,0.08,1,,35,11,117.12,1
487,136,62,2025-06-29,Store,2,32.65,0.017,0,Digital Wallet,60,5,77.56,0
156,262,3,2025-07-26,Store,6,14.88,0.114,0,Digital Wallet,56,14,81.88,0
372,198,14,2025-06-09,Store,7,455.16,0.095,0,Digital Wallet,9,8,3061.3,0
1039,12,33,2025-02-20,App,4,717.42,0.108,0,Credit Card,56,7,2719.03,0
243,206,47,2025-06-02,Store,3,238.89,0.0,1,Digital Wallet,41,10,835.57,0
846,117,20,2025-05-07,App,1,5.58,0.225,0,Digital Wallet,38,7,4.36,1
527,134,55,2025-08-12,Store,2,17.32,0.154,0,Transfer,43,6,32.53,0
543,217,33,2025-10-27,Web,6,658.34,0.04,1,Transfer,36,9,3651.19,0
368,186,30,2025-03-08,Store,18,19.75,0.131,0,Digital Wallet,27,9,433.14,0
849,193,49,2025-01-24,App,2,216.49,,1,Credit Card,43,10,406.2,0
750,190,45,2025-08-13,Store,7,13.69,0.007,0,Digital Wallet,4,10,95.19,0
989,148,9,2025-05-23,Store,2,12.63,0.156,1,Digital Wallet,53,5,28.16,1
395,17,5,2025-01-29,App,3,76.03,0.152,0,Credit Card,55,13,188.49,0
590,217,14,2025-09-18,Web,7,430.32,0.038,0,Digital Wallet,55,4,2594.83,0
826,52,51,2025-05-17,Store,7,51.43,0.041,0,Transfer,54,12,435.71,0
984,10,17,2025-01-18,Store,15,39.02,0.107,0,Digital Wallet,38,8,301.23,0
978,64,38,2025-09-06,Store,4,11.5,0.01,0,Debit Card,10,13,43.79,1
869,117,39,2025-01-05,,5,268.79,0.157,0,Digital Wallet,73,10,1275.83,0
464,255,32,2025-10-30,Store,3,,0.224,1,,13,13,462.89,0
573,219,31,2025-07-26,Store,3,525.52,0.192,0,Digital Wallet,34,7,1437.67,0
266,36,50,2025-04-15,App,1,519.77,0.159,0,Digital Wallet,22,5,491.93,0
158,160,23,2025-06-18,App,6,380.79,0.055,0,Digital Wallet,18,9,2279.54,0
398,260,37,2025-08-15,Web,1,6.38,0.132,1,Digital Wallet,25,10,5.93,1
455,10,61,2025-10-16,Store,4,695.76,0.082,1,Transfer,68,12,2454.58,0
495,49,39,2025-02-15,App,5,276.74,0.167,0,,51,12,1377.76,0
65,56,4,2025-07-16,Web,6,16.64,0.088,0,Digital Wallet,12,12,92.94,0
583,130,7,2025-08-16,Web,2,,0.073,0,Digital Wallet,24,11,1143.96,0
1016,115,34,2025-03-17,App,3,165.3,0.072,1,Digital Wallet,25,4,564.29,0
663,210,32,2025-06-17,Store,6,234.18,0.132,0,Credit Card,4,11,1294.45,0
673,85,28,2025-01-19,Store,7,19.22,0.128,0,Debit Card,45,9,130.3,0
292,124,44,2025-05-13,Store,5,12.12,0.113,1,Credit Card,30,12,61.38,1
754,20,19,2025-08-19,Store,2,101.34,0.0,0,,17,6,186.18,0
611,258,5,2025-10-28,Web,7,76.05,0.189,0,Debit Card,12,4,368.52,0
434,19,21,2025-08-19,Store,7,29.84,0.056,1,Digital Wallet,15,8,205.41,0
380,266,38,2025-08-25,Store,3,11.15,0.151,1,Digital Wallet,15,8,24.02,1
661,46,13,2025-08-03,Store,2,,0.11,0,Debit Card,14,9,30.42,0
40,24,8,2025-04-20,Store,1,86.15,0.08,0,Digital Wallet,1,8,101.06,0
304,59,39,2025-04-23,Web,1,278.05,0.155,0,Digital Wallet,42,11,265.38,0
1045,191,4,2025-07-16,App,2,17.67,0.256,1,Credit Card,25,10,23.08,1
1069,95,55,2025-02-22,,7,17.1,0.102,1,Cash,69,8,147.45,0
866,238,4,2025-11-27,Store,5,14.58,0.033,0,Digital Wallet,26,11,59.32,1
539,281,41,2025-07-30,Store,5,86.38,0.204,1,Digital Wallet,33,10,372.46,0
881,210,37,2025-09-19,Store,4,6.47,0.112,1,Debit Card,15,12,26.07,1
200,142,28,2025-04-29,Web,3,13.73,0.017,0,Digital Wallet,40,10,53.66,0
701,77,58,2025-01-11,Store,7,9.44,0.098,0,Digital Wallet,29,14,66.87,0
646,41,54,2025-07-21,Web,1,27.72,0.098,0,Credit Card,67,12,25.03,0
541,76,66,2025-06-08,Store,2,157.11,0.062,1,Debit Card,44,9,386.27,0
857,66,32,2025-06-25,Store,5,199.87,0.226,0,Credit Card,14,5,818.72,0
1038,166,37,2025-05-12,Store,2,5.25,0.104,0,Digital Wallet,70,15,20.18,0
209,51,30,2025-11-24,Store,6,19.53,0.172,1,Credit Card,5,8,94.04,0
918,70,60,2025-09-03,Store,5,49.09,0.0,0,Digital Wallet,1,6,209.97,0
456,10,18,2025-01-03,Store,2,19.06,0.135,1,,27,11,47.78,1
327,17,2,2025-03-31,Web,2,10.08,0.041,0,Digital Wallet,11,7,23.16,1
549,134,15,2025-09-09,Store,2,4.6,0.206,0,Digital Wallet,8,9,12.52,1
771,84,39,2025-09-09,App,6,317.17,0.107,1,Digital Wallet,41,9,1671.58,0
720,267,58,2025-12-29,App,22,9.71,0.07,0,Digital Wallet,12,4,397.16,0
236,57,29,2025-10-13,App,4,9.52,,0,Credit Card,18,5,33.27,0
375,144,16,2025-01-04,Store,2,36.95,0.12,1,Digital Wallet,19,12,74.36,0
737,190,60,2025-01-27,Store,5,40.05,0.166,0,,64,10,165.94,0
501,35,36,2025-03-07,App,4,134.17,0.068,0,Debit Card,43,7,546.93,0
363,251,28,2025-09-27,Store,6,19.13,0.058,0,Debit Card,44,7,115.96,0
991,144,43,2025-10-31,Store,5,30.66,0.113,0,Digital Wallet,34,8,130.03,0
51,20,1,2025-08-02,Web,7,520.44,0.091,0,Transfer,38,8,3519.93,0
169,137,3,2025-03-18,Store,7,16.07,0.0,1,Credit Card,24,8,131.82,0
586,89,52,2025-03-11,App,2,133.61,0.053,0,Digital Wallet,1,11,273.64,0
744,137,60,2025-11-27,Web,2,47.55,0.127,0,Digital Wallet,35,9,67.2,0
298,111,25,2025-03-09,Store,6,133.71,0.091,0,Digital Wallet,18,4,913.22,0
316,197,46,2025-01-19,Web,7,29.79,0.125,0,Credit Card,1,10,207.06,0
797,100,1,2025-12-28,Store,3,615.61,0.143,0,Credit Card,12,5,1688.66,0
731,95,51,2025-12-10,Store,5,48.14,0.129,1,Digital Wallet,48,14,224.43,0
120,145,32,2025-12-22,Store,4,211.86,0.048,0,Credit Card,64,8,761.04,0
537,123,57,2025-10-28,Store,5,211.35,0.116,0,Debit Card,32,5,824.13,0
5,70,21,2025-11-25,Store,5,32.33,0.165,0,Digital Wallet,21,13,135.4,0
69,125,49,2025-10-30,Store,6,217.2,0.091,1,Debit Card,43,5,1137.33,0
666,170,17,2025-01-13,Store,2,43.63,0.101,0,Debit Card,27,7,79.09,1
222,193,38,2025-04-19,Store,7,11.53,0.026,0,Digital Wallet,1,4,96.83,0
949,164,53,2025-09-03,App,7,62.85,0.01,0,Digital Wallet,5,9,392.2,0
56,48,18,2025-09-19,Store,3,16.96,0.133,0,Digital Wallet,25,8,34.09,0
452,216,29,2025-02-19,Store,4,9.64,,1,Digital Wallet,6,10,55.81,1
672,55,14,2025-08-02,Store,7,422.82,0.064,1,Digital Wallet,20,10,3211.45,0
326,274,40,2025-01-10,Store,5,458.99,0.066,0,Digital Wallet,28,5,2147.81,0
1004,46,51,2025-01-29,Store,7,44.6,0.151,0,Digital Wallet,16,7,268.01,0
388,79,26,2025-11-05,Store,6,62.18,0.202,0,Digital Wallet,80,6,272.62,0
336,134,1,2025-04-23,Store,5,552.37,0.118,0,Digital Wallet,50,13,2728.84,0
279,133,55,2025-10-23,Store,1,15.59,0.057,0,Digital Wallet,65,8,6.67,1
48,154,53,2025-04-18,Store,6,51.5,0.094,1,Transfer,56,11,347.66,0
165,139,57,2025-07-20,Store,6,204.59,0.161,0,Digital Wallet,65,10,1164.93,0
675,207,8,2025-11-26,Store,5,70.76,0.132,1,Debit Card,32,12,293.86,0
74,237,15,2025-06-09,App,4,4.0,0.106,1,Debit Card,74,12,6.34,1
116,285,53,2025-04-21,Store,5,71.9,0.055,1,Debit Card,36,12,413.01,0
1021,119,39,2025-05-03,Store,3,284.15,0.119,0,Digital Wallet,2,9,938.08,0
8,192,13,2025-02-24,Store,6,16.7,0.186,0,Digital Wallet,16,6,88.36,1
908,264,2,2025-10-07,Store,3,9.2,0.129,0,Debit Card,17,10,25.94,0
422,2,15,2025-02-28,Store,2,4.83,,0,Digital Wallet,37,11,4.8,1
408,151,47,2025-10-07,,6,215.35,0.087,1,Cash,9,7,1142.87,0
108,96,35,2025-04-05,Store,4,250.7,0.089,1,Credit Card,21,7,1266.3,0
967,109,45,2025-10-04,Store,3,10.76,0.118,0,Digital Wallet,45,5,18.44,0
807,202,3,2025-07-18,Web,1,15.73,0.005,1,Credit Card,36,10,9.85,1
345,11,1,2025-12-23,Store,3,552.13,0.126,1,Digital Wallet,14,11,1495.82,0
670,126,38,2025-10-26,App,3,12.99,0.149,1,Transfer,16,9,31.13,0
1065,112,30,2025-07-31,App,6,19.85,0.065,0,Digital Wallet,17,6,118.85,0
959,88,53,2025-08-07,Store,1,58.6,0.205,0,Digital Wallet,42,6,38.52,0
735,212,61,2025-07-11,App,3,624.13,0.092,1,Digital Wallet,20,3,1865.65,0
492,253,16,2025-06-03,Web,1,36.43,0.161,0,Digital Wallet,18,11,34.59,1
963,258,11,2025-03-13,Store,5,350.07,0.194,0,Debit Card,53,12,1558.38,0
227,229,3,2025-07-29,App,2,16.06,0.07,0,Digital Wallet,70,15,37.95,0
494,277,32,2025-10-11,App,7,249.71,0.006,1,Digital Wallet,35,14,1882.51,0
384,7,22,2025-04-20,Store,7,86.25,0.152,0,Digital Wallet,24,8,648.35,0
215,92,12,2025-08-10,App,3,13.74,0.168,0,Transfer,40,11,32.42,1
1033,171,21,2025-07-03,Store,5,35.36,0.056,0,,42,8,161.44,0
138,191,30,2025-11-23,Store,5,17.34,0.052,0,Credit Card,36,5,83.14,0
193,168,56,2025-10-16,App,1,258.28,0.113,0,,38,4,202.97,0
197,256,6,2025-03-13,App,6,262.73,0.115,1,Debit Card,32,13,1685.06,0
1000,249,25,2025-11-09,Store,5,138.84,0.032,0,Digital Wallet,21,15,668.81,0
25,135,4,2025-04-27,Store,5,15.4,0.0,1,Digital Wallet,28,13,103.87,0
571,111,34,2025-06-17,Store,4,171.86,0.192,1,Debit Card,1,10,644.29,0
318,121,56,2025-10-12,Store,3,253.35,,0,Digital Wallet,44,11,659.96,0
419,191,5,2025-09-07,Web,2,78.76,0.091,0,Digital Wallet,45,10,144.58,0
1011,40,54,2025-03-23,Store,4,23.23,0.065,1,Digital Wallet,51,7,112.83,0
272,127,61,2025-01-02,Store,3,745.95,0.152,0,Transfer,45,7,1898.17,0
997,43,57,2025-08-15,App,7,189.35,0.131,1,Digital Wallet,55,7,1176.32,0
258,166,14,2025-05-22,Store,7,475.61,0.0,0,Digital Wallet,31,7,3670.77,0
627,271,47,2025-03-29,Store,3,223.52,0.061,0,,20,10,790.44,0
748,37,44,2025-11-26,Web,2,11.51,0.13,0,Credit Card,67,8,13.93,1
697,61,31,2025-04-22,Store,1,488.86,0.021,0,Credit Card,54,11,539.6,0
570,68,24,2025-08-19,Store,1,440.38,0.119,0,Digital Wallet,35,18,370.7,0
1047,46,1,2025-04-02,Web,7,501.62,0.085,0,Digital Wallet,36,4,3591.59,0
1001,179,41,2025-09-14,Store,6,80.05,0.149,0,Digital Wallet,41,13,423.46,0
1022,9,55,2025-07-08,Store,7,14.8,0.167,0,Debit Card,2,7,83.31,0
939,96,44,2025-01-16,App,6,11.48,0.069,0,Credit Card,49,6,66.55,1
526,39,28,2025-07-08,Store,7,18.03,0.0,0,,23,11,126.26,0
1034,202,63,2025-04-11,Web,7,787.61,0.0,0,Debit Card,26,16,6168.67,0
625,167,48,2025-01-24,Store,1,4.33,,0,Digital Wallet,56,7,1.0,1
545,130,22,2025-11-29,Store,5,76.92,0.056,0,Digital Wallet,46,8,366.05,0
916,206,8,2025-06-03,Store,3,76.65,0.063,0,Digital Wallet,11,8,236.0,0
775,85,15,2025-04-14,Store,6,4.09,0.17,0,Digital Wallet,43,7,12.57,0
339,258,54,2025-05-24,Store,1,29.72,0.0,0,Digital Wallet,42,8,40.55,1
1049,253,17,2025-01-11,Store,4,37.68,,0,Credit Card,9,8,154.67,0
309,245,62,2025-11-02,Store,3,43.87,0.044,0,Debit Card,35,11,130.39,1
716,14,61,2025-04-12,Store,4,710.42,0.237,0,,21,9,2740.96,0
1042,30,17,2025-02-06,Store,2,45.35,,0,Digital Wallet,27,11,88.09,0
453,10,10,2025-04-08,Store,6,17.15,0.0,1,,31,6,132.87,0
271,116,36,2025-06-20,Store,7,155.4,,0,Transfer,50,6,918.15,0
1043,245,45,2025-05-20,Store,4,12.38,0.113,0,Digital Wallet,14,9,48.14,0
185,251,9,2025-09-10,Store,3,11.57,0.074,0,Digital Wallet,32,7,24.79,0
1067,68,51,2025-06-06,App,7,56.55,0.1,1,Digital Wallet,25,13,405.73,0
780,184,24,2025-05-20,App,4,478.65,0.153,0,Debit Card,61,9,1780.91,0
99,87,44,2025-04-11,Store,3,11.23,0.116,0,Digital Wallet,32,9,36.87,0
479,65,57,2025-12-28,App,1,213.24,0.243,0,Digital Wallet,44,12,185.76,0
102,199,7,2025-12-18,Store,5,508.97,0.0,0,Digital Wallet,8,10,2380.2,0
634,67,61,2025-01-27,App,1,680.52,0.0,0,Digital Wallet,50,9,673.1,0
112,178,53,2025-03-28,App,5,60.83,0.027,0,Digital Wallet,27,11,334.39,0
1063,47,50,2025-05-05,Web,1,481.23,0.056,1,Digital Wallet,37,6,555.21,0
838,233,47,2025-01-30,App,1,208.89,0.085,1,Transfer,61,9,217.31,0
642,181,50,2025-12-13,Store,7,432.83,0.047,0,Digital Wallet,42,8,3068.03,0
998,42,33,2025-02-03,Store,3,562.78,0.095,1,Credit Card,34,11,1768.93,0
428,251,28,2025-10-13,App,7,16.96,0.237,0,Debit Card,45,4,86.84,1
118,206,28,2025-02-10,Store,3,19.42,0.0,1,Digital Wallet,63,10,64.79,1
246,181,38,2025-06-10,Store,3,11.5,0.123,0,Digital Wallet,41,9,27.27,1
311,80,29,2025-07-15,App,2,8.28,0.016,0,Digital Wallet,22,9,21.72,0
490,115,39,2025-12-12,Store,2,307.74,0.017,0,Transfer,37,9,564.64,0
465,129,16,2025-09-10,Store,5,30.21,0.033,0,Digital Wallet,9,6,126.93,0
122,42,6,2025-08-25,Web,6,219.02,0.135,0,Digital Wallet,21,6,1069.59,0
557,217,9,2025-02-08,App,3,11.93,0.127,1,Digital Wallet,85,8,32.17,0
904,284,54,2025-05-23,Store,1,31.9,0.167,0,Digital Wallet,28,5,39.63,0
470,215,66,2025-01-01,,2,138.95,0.0,0,Digital Wallet,40,2,277.44,0
6,119,52,2025-09-16,,1,148.55,0.085,0,Digital Wallet,57,6,120.97,0
943,231,28,2025-12-09,Store,3,14.86,0.153,1,Debit Card,1,9,39.76,1
920,234,65,2025-09-05,App,7,340.33,0.043,0,Digital Wallet,20,8,2042.22,0
979,25,22,2025-09-08,App,7,95.74,0.054,0,Digital Wallet,40,13,562.5,0
687,214,8,2025-02-11,Web,5,89.89,0.13,0,Digital Wallet,42,8,416.94,0
528,116,9,2025-03-18,App,5,12.6,0.004,0,Digital Wallet,37,9,61.84,0
402,201,4,2025-10-29,Store,5,15.26,0.275,1,Digital Wallet,43,8,51.63,1
249,168,36,2025-06-08,Web,1,156.59,0.0,0,Digital Wallet,51,8,182.78,0
899,76,16,2025-05-31,Store,7,33.35,0.222,0,Digital Wallet,31,9,224.31,0
43,274,60,2025-08-06,Store,3,45.74,0.041,1,Debit Card,32,8,144.85,1
707,21,44,2025-10-21,App,7,11.31,0.027,0,Credit Card,45,11,70.78,1
704,135,19,2025-09-08,App,2,99.27,0.033,0,Credit Card,32,10,177.1,0
742,33,45,2025-05-20,Web,4,11.04,0.0,0,,1,8,50.11,0
445,184,51,2025-07-20,Store,7,47.2,0.163,0,Digital Wallet,20,9,322.98,0
530,23,61,2025-11-19,App,6,663.13,0.0,0,Digital Wallet,75,9,3564.11,0
367,172,35,2025-10-24,App,3,252.19,0.146,0,Digital Wallet,7,14,566.01,0
836,112,14,2025-07-26,Store,6,492.92,0.267,1,Digital Wallet,33,6,2683.97,0
1040,80,59,2025-10-15,Store,4,286.8,0.249,0,Digital Wallet,60,11,761.56,0
489,227,12,2025-03-12,Store,5,17.29,0.158,0,Credit Card,40,15,72.74,0
992,154,42,2025-07-28,Store,3,307.18,0.13,0,Digital Wallet,43,15,811.43,0
1052,192,59,2025-06-29,Web,1,282.78,0.141,0,,47,4,289.54,0
85,252,3,2025-06-15,Store,4,13.42,0.077,1,Digital Wallet,52,15,65.05,0
792,230,18,2025-01-29,Web,4,18.56,0.039,0,Digital Wallet,8,4,78.1,0
393,167,2,2025-02-11,Store,2,10.16,0.129,0,Digital Wallet,29,4,13.54,1
693,159,10,2025-05-20,App,2,,0.052,1,Credit Card,11,10,35.59,1
36,274,12,2025-11-20,Store,4,14.89,0.14,0,Digital Wallet,49,2,51.61,0
277,29,43,2025-06-26,Store,5,27.04,0.098,0,Digital Wallet,19,11,123.86,0
347,29,10,2025-12-28,Store,2,15.54,0.24,0,Digital Wallet,40,8,35.0,0
669,102,40,2025-06-27,Web,4,598.31,0.0,0,Digital Wallet,49,5,2542.04,0
294,12,25,2025-07-27,Store,1,136.09,0.144,1,Digital Wallet,19,8,149.24,1
671,12,16,2025-02-11,Store,1,37.31,0.12,0,Digital Wallet,42,14,24.31,1
519,101,9,2025-02-02,Store,4,13.2,0.02,0,Debit Card,24,7,63.41,1
16,158,52,2025-11-17,Store,11,136.06,0.0,1,,45,7,1169.38,0
958,73,27,2025-08-07,Store,4,7.35,0.048,0,Digital Wallet,58,9,18.39,1
284,76,29,2025-01-30,Store,3,9.04,0.115,0,Debit Card,55,7,25.77,0
427,81,13,2025-08-10,Store,4,16.83,0.164,0,Credit Card,33,11,55.96,1
604,275,46,2025-05-22,,17,28.2,0.227,0,Debit Card,16,12,378.71,0
172,264,2,2025-12-26,Store,4,10.23,0.132,0,Digital Wallet,27,11,48.38,0
174,108,60,2025-12-05,Web,5,39.14,0.169,1,Digital Wallet,43,12,160.26,0
189,140,62,2025-01-15,Store,5,38.31,0.159,0,Credit Card,37,8,159.27,0
926,271,42,2025-06-07,Store,4,288.8,0.092,1,Credit Card,35,7,1368.83,0
569,173,7,2025-05-30,Store,6,584.4,0.067,1,Cash,17,11,3956.47,0
1,19,63,2025-06-08,Store,5,678.65,0.036,0,Debit Card,48,11,3910.59,0
902,235,30,2025-01-22,Store,6,19.61,0.101,0,Digital Wallet,30,11,107.49,0
341,17,20,2025-03-03,Store,2,5.06,0.027,0,Debit Card,20,8,13.87,1
691,15,5,2025-04-12,Store,3,81.09,0.065,0,Digital Wallet,9,3,293.11,0
71,108,54,2025-12-30,App,3,27.76,0.091,1,Digital Wallet,13,12,78.49,0
756,176,2,2025-11-16,Store,4,10.61,0.055,0,Digital Wallet,28,13,52.52,0
581,280,27,2025-02-15,Web,4,7.72,0.138,0,Digital Wallet,22,12,34.47,1
41,227,31,2025-02-03,Store,4,522.87,0.068,1,Cash,29,15,2256.21,0
1051,165,13,2025-06-10,App,1,18.28,0.012,1,Credit Card,8,9,23.2,0
72,42,31,2025-12-25,Store,2,532.12,0.046,0,Digital Wallet,50,11,956.66,0
63,206,41,2025-09-13,Store,6,86.22,0.218,0,,1,8,418.73,0
60,55,42,2025-06-25,Store,1,362.61,0.019,0,Digital Wallet,57,8,372.63,0
425,144,65,2025-02-09,Store,3,362.79,0.033,1,Digital Wallet,71,7,1371.99,0
759,48,21,2025-04-14,Store,4,32.38,0.036,0,Digital Wallet,38,13,144.77,0
143,70,59,2025-03-23,Store,1,331.55,0.107,1,Debit Card,49,6,386.91,0
81,60,64,2025-10-02,App,4,77.63,0.0,0,Digital Wallet,41,8,287.07,0
265,281,62,2025-04-11,Store,6,35.53,0.1,0,Digital Wallet,74,8,214.6,0
451,190,11,2025-07-07,Store,2,327.42,0.119,0,Digital Wallet,26,11,576.1,0
862,251,17,2025-11-13,Web,2,,0.001,0,Digital Wallet,13,10,77.96,0
257,254,12,2025-07-22,Store,3,17.42,0.106,0,Digital Wallet,30,9,42.75,1
405,91,10,2025-06-25,Store,7,15.83,0.148,0,Digital Wallet,18,14,93.54,1
356,3,26,2025-04-11,Store,6,61.9,0.088,1,Digital Wallet,4,7,408.45,0
359,275,23,2025-10-23,Store,6,375.1,0.134,0,Digital Wallet,32,8,1718.53,0
820,263,59,2025-08-04,Store,7,308.77,0.1,1,Digital Wallet,34,7,2002.85,0
852,127,47,2025-09-16,App,1,227.94,0.111,0,Debit Card,8,7,186.53,0
674,171,26,2025-10-18,Store,1,56.27,0.226,0,Digital Wallet,37,5,46.47,0
183,142,32,2025-10-13,Store,6,240.0,0.016,1,Digital Wallet,40,4,1369.56,0
79,55,60,2025-06-28,Store,7,46.22,,1,Digital Wallet,37,14,408.94,0
333,264,65,2025-02-25,Store,7,305.37,0.117,0,Digital Wallet,73,8,2001.64,0
880,223,64,2025-05-06,Store,6,77.69,0.181,0,Digital Wallet,15,10,416.83,0
1059,102,47,2025-10-24,Store,4,208.36,0.279,0,Debit Card,25,7,523.16,0
20,205,63,2025-02-22,Store,2,623.66,0.095,0,Digital Wallet,29,13,1349.94,0
933,3,33,2025-12-10,Store,4,735.19,0.07,0,Digital Wallet,42,14,2564.19,0
506,71,45,2025-05-10,Web,6,11.69,0.144,1,Digital Wallet,24,4,72.32,0
608,57,30,2025-01-18,,3,21.25,0.126,0,Digital Wallet,39,11,66.21,0
1002,156,61,2025-07-23,Store,1,664.7,0.0,0,Digital Wallet,22,8,677.2,0
93,199,4,2025-09-18,Web,1,13.34,0.187,0,Debit Card,37,10,2.75,0
919,178,31,2025-06-28,Web,5,479.12,0.023,1,Digital Wallet,63,5,3076.47,0
851,130,6,2025-10-12,Store,22,226.37,0.231,0,Digital Wallet,31,14,8552.18,0
245,177,27,2025-11-04,Store,6,8.17,0.105,1,Digital Wallet,41,11,42.01,0
824,5,18,2025-07-30,Store,7,17.7,0.006,1,Digital Wallet,20,11,133.89,0
482,164,58,2025-11-29,App,1,9.72,0.234,1,Credit Card,22,5,1.0,1
228,284,63,2025-09-22,Store,3,578.42,0.0,0,Digital Wallet,27,14,1561.88,0
302,24,18,2025-12-24,Store,6,17.31,0.088,0,Digital Wallet,60,7,93.86,0
515,116,22,2025-11-11,Store,5,76.09,0.185,0,Digital Wallet,49,11,286.82,0
33,124,45,2025-03-06,Store,1,11.9,0.013,1,Digital Wallet,46,8,23.41,1
719,187,48,2025-03-15,Store,4,4.24,0.105,0,Credit Card,10,11,21.52,1
874,53,42,2025-11-23,Store,7,,0.005,0,Credit Card,57,5,2228.81,0
299,237,6,2025-10-22,App,5,273.24,0.105,0,Transfer,60,7,1070.51,0
107,3,8,2025-08-22,Store,4,87.71,0.111,0,Transfer,25,13,299.65,0
560,217,48,2025-01-11,Web,6,4.92,0.152,1,Credit Card,62,8,33.7,0
1050,48,14,2025-05-09,Store,7,459.49,0.097,0,Credit Card,2,12,3203.71,0
806,274,65,2025-11-26,Web,7,310.15,0.118,0,Credit Card,30,7,1726.18,0
210,229,56,2025-11-03,Store,5,250.6,,0,Debit Card,7,7,913.85,0
659,45,47,2025-07-21,Store,1,248.49,0.113,1,Digital Wallet,54,11,237.03,0
322,185,57,2025-08-11,Store,1,196.78,0.162,0,Digital Wallet,43,10,152.11,0
351,174,64,2025-03-23,Store,2,84.03,0.0,0,Digital Wallet,9,11,224.01,0
548,90,49,2025-07-17,Web,5,214.0,0.059,0,Digital Wallet,47,9,1015.61,0
865,245,7,2025-09-10,Web,4,504.79,0.065,0,Digital Wallet,45,10,1684.74,0
714,68,17,2025-07-01,Store,6,38.08,0.108,0,Digital Wallet,55,7,202.84,0
29,198,12,2025-11-14,Store,3,16.87,0.182,0,Digital Wallet,17,9,37.41,1
173,113,19,2025-08-08,App,5,89.64,0.025,0,Digital Wallet,38,15,405.2,0
68,243,4,2025-02-11,Store,4,15.5,0.094,0,Digital Wallet,14,11,66.21,1
1006,218,58,2025-06-08,Store,6,8.51,0.058,0,Digital Wallet,56,10,51.99,1
818,229,36,2025-04-16,App,1,140.08,0.133,0,Digital Wallet,35,9,135.87,0
607,272,28,2025-12-28,Store,4,22.93,0.04,0,Digital Wallet,27,8,90.63,0
613,85,16,2025-12-26,Store,3,31.9,0.092,0,Debit Card,32,8,81.82,1
630,136,26,2025-09-16,App,1,56.36,0.008,0,Digital Wallet,25,8,40.9,0
602,117,46,2025-08-25,Store,1,33.55,0.206,0,Digital Wallet,1,9,26.36,0
629,272,21,2025-05-16,Web,6,28.3,0.268,0,Credit Card,53,8,140.52,0
732,154,41,2025-06-07,Web,5,78.23,0.108,0,Digital Wallet,27,7,432.49,0
255,222,39,2025-12-04,Store,7,301.64,0.0,1,Debit Card,2,11,2167.48,0
712,82,59,2025-01-28,Store,4,304.49,0.047,0,Debit Card,33,7,1160.93,0
154,2,10,2025-12-01,App,1,19.07,0.057,1,Digital Wallet,31,7,11.1,0
885,167,51,2025-01-23,Store,7,54.45,0.082,0,Digital Wallet,40,6,355.0,0
761,31,59,2025-07-03,Store,3,301.31,0.158,1,Credit Card,27,5,834.33,0
129,89,26,2025-05-10,Web,4,53.33,0.119,1,Transfer,23,15,257.75,0
126,45,43,2025-02-25,Store,7,29.01,0.002,0,Digital Wallet,28,8,226.01,0
273,96,30,2025-03-19,Web,1,23.24,0.089,0,Credit Card,37,10,24.74,0
468,15,5,2025-08-10,Store,6,77.12,0.218,1,Debit Card,60,10,423.1,0
432,31,61,2025-01-22,Store,2,765.06,0.0,0,Debit Card,24,6,1540.67,0
514,90,34,2025-03-15,Web,5,193.09,0.011,0,Transfer,52,9,1194.36,0
524,127,32,2025-06-16,Store,1,190.01,0.086,0,Transfer,68,6,189.48,0
883,169,52,2025-01-03,App,1,138.51,0.213,1,Debit Card,16,12,123.17,0
698,276,20,2025-03-27,Store,1,5.82,0.0,0,Digital Wallet,40,10,12.93,0
509,221,40,2025-01-26,App,3,475.16,0.078,1,Digital Wallet,49,10,1625.26,0
725,51,58,2025-10-28,Store,2,7.7,0.169,0,Digital Wallet,11,8,10.1,1
812,124,42,2025-08-26,Store,7,277.14,0.163,0,Digital Wallet,30,8,1512.64,0
688,283,1,2025-04-10,Store,1,617.23,0.049,0,Digital Wallet,1,9,650.38,0
411,259,40,2025-09-15,App,7,466.38,0.123,0,Digital Wallet,18,7,2570.38,0
1012,71,8,2025-01-28,Store,5,93.56,0.071,0,Digital Wallet,31,7,428.45,0
859,151,21,2025-09-17,Web,3,36.36,0.008,0,Digital Wallet,40,11,99.28,0
616,65,56,2025-02-10,Store,3,264.8,0.146,1,Digital Wallet,37,5,782.56,0
953,16,28,2025-03-06,Store,6,17.53,0.099,0,Digital Wallet,47,4,101.47,1
626,43,10,2025-08-29,App,7,17.96,0.091,0,Debit Card,29,11,108.18,0
89,150,34,2025-12-13,Store,1,171.14,0.0,0,Debit Card,33,12,182.99,0
1010,84,38,2025-04-15,Store,2,12.19,0.04,0,Debit Card,32,11,37.65,1
887,36,59,2025-01-07,Store,5,350.44,0.0,0,Digital Wallet,48,15,1746.03,0
561,190,24,2025-06-19,Store,4,452.24,0.0,0,Debit Card,58,10,1910.2,0
474,175,65,2025-10-25,Store,5,378.77,0.02,1,Credit Card,70,8,2022.07,0
1064,218,3,2025-03-07,Web,7,14.37,0.116,0,Digital Wallet,46,4,94.23,0
621,28,54,2025-04-29,Store,1,25.35,0.003,0,Debit Card,46,11,25.61,1
166,134,44,2025-08-11,App,4,13.99,0.173,0,Debit Card,11,3,46.05,0
350,54,21,2025-06-06,Store,4,33.42,0.128,0,Digital Wallet,41,14,119.28,0
360,219,44,2025-11-21,Web,6,12.44,0.134,0,Digital Wallet,35,10,54.35,1
645,71,14,2025-05-13,Store,7,476.9,0.189,0,Digital Wallet,85,10,2997.3,0
2,58,18,2025-11-05,Web,1,19.38,0.0,0,Digital Wallet,45,11,13.88,1
705,7,45,2025-06-05,Store,1,10.69,0.128,1,Debit Card,40,10,8.37,1
587,205,58,2025-03-17,Web,4,9.37,0.142,0,Digital Wallet,24,6,26.39,0
167,5,10,2025-08-24,Web,4,16.57,0.066,0,Digital Wallet,42,14,65.41,0
839,117,42,2025-11-05,Store,7,349.14,0.128,1,Debit Card,31,16,2096.19,0
147,25,52,2025-02-16,App,1,143.98,0.126,1,Digital Wallet,38,11,164.56,0
187,70,38,2025-01-02,Store,2,12.6,0.0,0,Digital Wallet,58,13,31.59,0
109,221,16,2025-01-28,Web,6,28.31,0.04,1,Digital Wallet,42,3,181.96,0
740,54,41,2025-06-02,Store,6,94.91,0.134,0,Digital Wallet,54,13,517.27,0
546,283,46,2025-03-05,Store,3,28.98,0.157,0,Digital Wallet,62,7,84.08,0
873,184,2,2025-04-30,Store,1,9.54,0.141,0,Digital Wallet,42,9,18.17,0
401,109,31,2025-08-16,App,7,507.86,0.128,1,Digital Wallet,54,8,3613.01,0
46,251,30,2025-09-30,Store,4,16.88,0.089,0,Digital Wallet,26,5,52.95,0
157,158,3,2025-10-01,,2,14.75,0.252,0,Digital Wallet,13,5,19.3,0
752,102,45,2025-09-26,,4,10.82,0.14,0,Transfer,56,14,40.24,0
738,141,8,2025-06-17,Web,7,84.91,0.018,0,Digital Wallet,60,5,617.52,0
431,3,66,2025-02-01,Store,5,157.73,0.24,1,Digital Wallet,49,11,793.95,0
1062,81,18,2025-11-29,Store,6,17.72,0.049,0,Transfer,71,11,106.74,0
115,189,9,2025-09-21,Store,1,13.48,0.014,0,Debit Card,11,7,13.85,0
532,110,14,2025-02-16,Store,2,474.89,0.084,0,Digital Wallet,15,11,1033.99,0
483,108,57,2025-05-24,App,5,229.73,0.167,0,Debit Card,24,3,1198.79,0
275,119,39,2025-10-13,App,2,334.84,0.214,1,Digital Wallet,37,10,503.5,0
853,4,2,2025-12-08,Store,6,10.56,0.051,0,Digital Wallet,46,10,51.46,1
749,43,47,2025-12-22,App,6,226.33,0.092,0,Digital Wallet,1,9,1159.19,0
785,102,46,2025-10-12,Store,5,27.53,,0,Digital Wallet,14,6,131.42,0
584,234,10,2025-12-28,App,2,18.64,0.085,1,Digital Wallet,31,13,40.87,1
334,103,56,2025-02-12,Store,3,264.81,0.0,0,Debit Card,1,9,849.24,0
942,130,12,2025-04-14,Store,3,19.17,0.109,1,Credit Card,1,5,53.76,1
180,119,41,2025-02-20,Store,2,85.15,0.209,0,Digital Wallet,40,14,142.44,0
54,119,52,2025-08-31,Store,2,146.69,0.075,0,Digital Wallet,15,9,281.28,1
726,37,44,2025-09-16,Store,1,12.77,0.101,0,Digital Wallet,32,10,16.49,1
323,31,52,2025-10-22,Store,4,148.12,0.111,1,Digital Wallet,16,7,502.98,0
588,35,57,2025-01-31,App,1,210.3,0.085,0,Digital Wallet,8,8,188.15,0
1029,87,44,2025-07-28,Store,4,10.93,0.095,1,Digital Wallet,19,9,44.99,1
632,194,55,2025-01-31,Store,6,16.81,0.19,0,Digital Wallet,65,11,77.47,1
124,273,56,2025-06-11,Store,1,248.97,0.027,0,Debit Card,32,10,248.35,0
598,58,13,2025-05-28,Store,5,16.26,0.054,0,Digital Wallet,38,6,93.01,0
706,236,61,2025-04-16,Store,1,762.88,0.157,1,Digital Wallet,55,9,791.11,0
313,80,64,2025-07-21,Web,3,69.65,0.157,0,Debit Card,53,12,173.19,0
684,17,16,2025-01-02,Store,5,30.78,0.047,0,Digital Wallet,61,9,136.34,0
213,76,52,2025-02-18,Store,5,139.33,0.06,0,Digital Wallet,11,8,695.44,0
683,54,14,2025-12-25,Web,5,492.6,0.08,0,Credit Card,33,6,2126.18,0
872,20,66,2025-11-11,Store,7,163.31,0.102,0,,53,11,928.64,0
830,17,36,2025-03-01,App,5,141.54,0.161,1,Digital Wallet,1,11,811.6,0
233,78,19,2025-08-24,Web,6,87.71,0.0,0,Digital Wallet,31,9,563.7,0
61,260,54,2025-12-12,App,5,29.67,0.14,0,Debit Card,5,8,111.33,0
389,5,15,2025-09-03,Store,4,4.56,0.144,1,Debit Card,71,5,25.76,0
217,175,39,2025-10-05,Store,7,317.1,0.135,0,Digital Wallet,70,5,1909.64,0
397,90,3,2025-02-16,Store,6,15.18,0.201,0,Debit Card,28,11,82.03,0
559,226,48,2025-10-06,Store,4,5.39,0.054,0,Debit Card,21,8,26.74,1
150,223,59,2025-06-07,Store,4,255.13,0.167,1,Debit Card,14,9,1123.94,0
969,230,6,2025-03-08,Store,6,282.96,0.19,0,Digital Wallet,33,4,1717.13,0
278,12,4,2025-09-23,Store,5,15.44,0.116,1,Digital Wallet,12,4,68.89,0
810,11,13,2025-07-16,Store,4,16.73,0.2,0,Digital Wallet,44,8,54.37,1
685,55,33,2025-10-17,Store,7,595.83,0.148,0,,29,7,3121.36,0
3,4,63,2025-10-01,Store,3,723.15,0.06,0,Debit Card,5,12,1804.96,0
553,81,61,2025-07-28,Store,7,726.07,0.108,0,Digital Wallet,25,6,4537.57,0
23,232,27,2025-07-20,Web,2,8.58,0.116,0,Debit Card,44,6,19.55,1
442,149,22,2025-01-05,Store,3,80.23,0.155,0,Digital Wallet,68,8,236.39,0
1048,159,32,2025-03-19,Store,5,190.55,0.092,1,Credit Card,26,11,1049.27,0
576,128,41,2025-03-20,Store,6,72.01,0.151,0,Digital Wallet,36,7,402.43,0
562,180,12,2025-08-19,Store,5,16.71,0.057,0,Digital Wallet,30,12,68.98,0
152,73,44,2025-08-03,Store,7,11.68,0.175,0,Digital Wallet,22,9,74.9,0
893,193,39,2025-04-14,Store,4,314.83,0.098,1,Digital Wallet,74,7,1398.84,0
842,140,24,2025-01-11,App,1,461.7,0.008,0,Credit Card,56,11,527.94,0
793,123,23,2025-07-31,Store,4,382.24,0.237,1,Transfer,31,9,1269.61,0
650,20,8,2025-08-15,Web,4,95.53,0.056,0,Digital Wallet,18,9,346.19,0
123,53,18,2025-07-21,App,7,18.73,0.062,0,Debit Card,58,9,121.86,0
373,244,3,2025-02-09,Store,7,12.11,0.152,1,Digital Wallet,46,4,87.91,1
722,36,41,2025-10-20,Store,6,83.99,0.125,0,Digital Wallet,25,10,377.93,0
473,233,49,2025-01-20,Store,5,246.53,,0,Digital Wallet,36,10,1221.85,0
970,65,14,2025-11-29,Store,5,441.57,0.136,1,Debit Card,8,13,2102.95,0
314,22,20,2025-09-04,Web,1,6.01,0.164,1,Credit Card,55,10,1.0,0
160,99,38,2025-02-12,Store,3,8.73,0.101,0,Digital Wallet,31,8,24.29,0
905,34,44,2025-01-21,Web,3,10.73,0.147,0,Credit Card,29,8,27.1,1
457,11,25,2025-10-05,Web,5,147.88,0.178,0,Transfer,47,13,615.77,0
968,33,5,2025-07-19,Web,7,84.5,0.177,1,,47,3,609.29,0
87,252,50,2025-01-05,App,4,430.87,0.044,0,Digital Wallet,28,7,1863.52,0
179,169,27,2025-05-28,Store,5,7.84,0.026,0,Digital Wallet,30,14,44.26,1
305,147,3,2025-03-11,Store,4,15.65,0.113,0,Digital Wallet,30,6,63.52,0
1041,111,32,2025-06-15,Store,3,220.66,0.1,0,Digital Wallet,21,3,709.72,0
430,123,63,2025-02-08,Web,3,773.19,0.082,0,Debit Card,24,12,2557.8,0
699,169,49,2025-02-08,Store,3,194.84,0.208,0,Digital Wallet,57,12,552.0,0
901,35,65,2025-12-24,Web,7,352.37,0.118,1,Digital Wallet,22,13,2232.49,0
361,167,63,2025-04-18,Store,3,722.82,0.182,1,Credit Card,29,9,2178.04,0
346,98,14,2025-09-02,App,7,517.03,0.127,0,Digital Wallet,29,6,2828.94,0
882,138,40,2025-03-27,Store,7,557.51,0.019,0,Debit Card,16,12,4218.12,0
633,14,5,2025-07-06,Store,4,75.48,0.155,0,Digital Wallet,19,6,292.03,0
589,9,17,2025-01-02,App,2,35.14,0.0,0,Digital Wallet,40,10,68.41,0
70,42,7,2025-11-17,Store,2,553.82,0.128,1,Digital Wallet,55,9,949.18,0
224,78,22,2025-05-31,Store,3,89.55,0.171,0,Digital Wallet,62,0,280.51,0
718,117,24,2025-08-10,Store,2,435.66,0.145,0,Digital Wallet,59,7,801.01,0
935,187,40,2025-08-10,App,2,548.5,0.088,1,Credit Card,40,6,1168.01,0
840,30,26,2025-04-20,App,3,66.51,0.094,0,Debit Card,37,11,237.96,0
610,130,7,2025-01-11,Store,4,498.87,0.15,0,Credit Card,42,7,1914.32,0
357,147,42,2025-06-27,Store,6,373.08,0.116,0,Debit Card,2,4,2101.8,0
533,132,43,2025-11-02,Store,2,27.77,0.069,0,Digital Wallet,81,7,60.78,0
708,248,37,2025-06-11,App,1,5.82,0.052,0,Transfer,1,12,1.37,1
114,22,9,2025-10-17,Store,2,13.34,0.095,0,Debit Card,54,15,27.27,0
622,218,43,2025-08-09,Store,7,30.71,0.061,0,Transfer,71,9,205.4,0
657,128,11,2025-02-12,Store,5,339.27,0.148,0,Credit Card,31,11,1527.44,0
913,57,27,2025-07-28,Store,3,7.8,0.112,0,Credit Card,30,7,16.96,1
267,174,58,2025-11-14,Store,1,10.16,0.067,1,Digital Wallet,21,6,13.97,1
32,211,22,2025-04-13,Store,1,87.3,0.069,0,Digital Wallet,54,7,101.53,0
92,225,28,2025-03-26,App,2,16.65,0.035,0,Debit Card,22,9,30.47,0
220,156,62,2025-03-03,Store,4,37.5,0.0,0,Digital Wallet,55,11,161.72,0
103,146,58,2025-10-15,Web,4,9.39,0.055,0,Credit Card,15,8,35.53,1
609,179,66,2025-08-01,Store,3,133.53,0.166,1,Digital Wallet,8,8,350.52,0
139,283,50,2025-03-12,Store,4,457.08,0.174,0,Debit Card,51,16,1674.05,0
964,286,46,2025-10-16,Web,6,37.22,0.08,0,Digital Wallet,11,9,173.05,0
301,169,55,2025-01-05,Web,1,16.17,0.042,0,Digital Wallet,27,8,19.03,0
22,71,30,2025-03-09,Store,2,18.37,0.068,0,Digital Wallet,54,10,32.11,0
117,132,44,2025-09-17,App,2,12.32,0.105,0,Digital Wallet,37,9,18.86,0
484,83,64,2025-01-30,Store,2,66.45,0.05,0,Digital Wallet,31,11,127.18,0
585,226,38,2025-07-27,Store,3,10.67,0.107,1,Digital Wallet,15,8,36.58,1
898,113,48,2025-08-08,Store,6,5.02,0.238,0,Digital Wallet,66,11,24.49,0
208,280,13,2025-11-10,App,3,18.69,0.091,0,Credit Card,50,9,46.18,0
938,224,10,2025-10-16,Store,1,16.68,0.0,1,Digital Wallet,21,10,17.29,0
577,149,38,2025-09-25,Store,2,12.49,0.087,0,Digital Wallet,35,17,24.1,0
1030,30,12,2025-11-21,Store,4,12.3,0.189,0,Credit Card,54,10,33.07,0
175,132,49,2025-09-05,Store,1,253.57,0.073,1,Digital Wallet,25,8,232.72,0
15,33,48,2025-03-16,Store,3,5.25,0.101,0,Credit Card,23,11,13.2,0
111,70,46,2025-04-01,Store,4,29.44,0.136,1,Debit Card,64,5,120.68,0
948,142,10,2025-09-12,Store,3,16.75,0.127,1,Digital Wallet,25,15,52.05,1
831,130,28,2025-04-17,Store,3,23.13,0.053,0,Digital Wallet,61,9,75.28,0
535,226,13,2025-02-05,Store,6,19.65,0.0,1,Digital Wallet,8,13,129.91,1
728,260,39,2025-06-01,Web,3,287.8,0.118,0,Digital Wallet,17,17,911.68,0
83,17,43,2025-07-22,Store,6,31.77,0.105,0,Credit Card,54,11,173.83,0
592,100,20,2025-02-14,Web,6,5.89,0.129,0,Digital Wallet,12,5,24.58,1
507,214,16,2025-05-13,App,7,36.49,0.067,0,Digital Wallet,48,9,265.86,0
996,226,20,2025-08-31,Web,7,5.33,0.078,0,Credit Card,27,7,43.81,1
308,33,50,2025-01-26,App,3,434.28,0.138,1,Digital Wallet,39,10,1397.35,0
544,25,48,2025-02-25,Store,6,4.44,0.159,1,Digital Wallet,47,14,27.75,0
739,156,25,2025-07-14,Store,4,155.77,0.092,0,Digital Wallet,50,12,564.84,0
895,50,42,2025-08-04,Store,1,293.87,0.048,1,Debit Card,66,5,290.03,0
295,12,14,2025-10-19,Store,4,455.08,0.063,0,Digital Wallet,32,8,1705.05,0
100,14,26,2025-11-03,Web,5,63.05,0.129,1,Digital Wallet,28,6,278.26,0
567,206,34,2025-01-08,Web,7,165.42,0.125,1,Digital Wallet,29,8,1106.18,0
1036,269,18,2025-02-11,Store,6,19.0,0.156,0,Digital Wallet,31,6,96.37,0
496,146,35,2025-01-05,Store,1,209.52,0.186,0,Digital Wallet,13,9,195.78,0
763,143,19,2025-09-06,Store,3,87.75,0.127,1,Digital Wallet,62,8,253.86,0
142,153,20,2025-04-23,Store,3,5.3,0.159,0,Credit Card,18,13,5.73,0
498,185,16,2025-07-12,Web,2,30.96,0.0,1,Credit Card,10,5,87.71,0
58,6,30,2025-03-06,Store,5,21.32,0.0,1,Digital Wallet,43,6,133.65,0
441,252,57,2025-03-13,Store,1,232.26,0.044,0,Digital Wallet,65,6,246.43,0
603,26,10,2025-03-03,Store,4,16.48,0.331,0,Digital Wallet,68,10,47.76,0
638,216,9,2025-02-20,Web,5,12.49,0.058,1,Digital Wallet,21,7,65.3,1
439,210,17,2025-05-06,Web,6,43.12,0.071,0,Credit Card,17,6,270.28,0
164,49,30,2025-01-04,Store,4,20.87,0.041,1,Digital Wallet,51,9,94.54,1
364,77,4,2025-08-04,Store,6,17.29,0.163,0,Digital Wallet,49,10,88.38,0
1055,153,61,2025-04-19,Store,2,826.99,0.118,1,Digital Wallet,14,2,2021.83,0
391,120,58,2025-03-21,,2,9.58,0.066,0,Transfer,34,5,25.2,0
321,213,59,2025-06-06,Web,5,302.64,0.239,1,Cash,1,6,1329.29,0
791,234,62,2025-08-03,App,5,38.52,0.111,0,Debit Card,38,6,183.89,0
1019,285,17,2025-02-21,Store,3,37.66,0.132,0,Digital Wallet,29,11,107.04,0
362,105,60,2025-11-30,Store,5,41.88,0.241,0,Digital Wallet,40,13,163.79,0
128,20,23,2025-04-16,App,7,345.53,0.127,0,Digital Wallet,23,6,2362.59,0
340,245,47,2025-12-15,Store,1,218.88,0.132,1,Digital Wallet,34,10,189.74,0
635,1,55,2025-08-28,Store,4,12.04,0.09,0,Digital Wallet,29,10,42.45,0
194,234,5,2025-06-06,Store,7,83.25,0.095,0,Digital Wallet,35,11,562.62,0
816,15,46,2025-02-24,Store,5,31.31,0.005,0,Digital Wallet,46,6,175.13,0
686,11,36,2025-04-02,,6,168.73,0.065,1,Digital Wallet,1,10,1146.52,0
779,211,28,2025-05-18,Store,5,16.47,0.052,0,Debit Card,17,10,105.65,0
784,208,27,2025-08-02,Store,1,7.18,0.122,1,Credit Card,46,9,11.74,0
753,141,47,2025-09-29,App,6,240.08,0.082,1,Digital Wallet,47,9,1303.6,0
500,33,59,2025-09-06,App,1,297.05,0.091,0,Digital Wallet,61,11,280.15,0
682,248,20,2025-05-06,Store,4,5.84,0.005,1,Credit Card,54,13,29.93,1
24,44,41,2025-12-05,Store,3,68.18,0.028,0,Digital Wallet,26,16,179.86,0
974,209,9,2025-10-20,Store,5,11.53,0.172,0,Debit Card,24,10,37.73,1
651,26,33,2025-10-30,Store,4,670.63,0.049,0,Digital Wallet,41,5,2237.85,0
379,90,3,2025-08-29,App,1,14.3,0.034,0,Digital Wallet,42,7,14.24,1
62,18,23,2025-08-25,,4,387.81,0.083,0,Debit Card,29,11,1330.38,0
161,28,12,2025-02-05,Store,2,16.86,0.207,0,Debit Card,31,10,31.78,1
563,48,9,2025-06-06,Web,4,11.93,0.0,0,Digital Wallet,30,15,47.56,1
566,31,55,2025-12-07,Store,6,15.98,0.018,0,Debit Card,23,5,100.14,0
595,29,31,2025-11-29,App,3,487.1,0.0,0,Digital Wallet,13,12,1483.25,0
896,61,41,2025-12-02,Store,2,89.81,0.205,0,Transfer,28,9,131.34,0
945,225,14,2025-11-26,Store,2,435.94,0.116,0,Digital Wallet,5,5,690.98,0
941,119,23,2025-06-12,Store,4,339.65,0.133,0,Digital Wallet,41,7,1253.88,0
631,111,50,2025-11-28,Store,5,,0.076,1,Digital Wallet,18,8,2148.07,0
1024,200,15,2025-01-19,Web,2,4.58,0.144,0,Digital Wallet,14,7,10.67,0
825,104,11,2025-05-08,Store,6,385.19,0.08,0,Digital Wallet,22,10,2350.97,0
458,160,6,2025-11-28,Store,4,246.51,0.041,1,Digital Wallet,1,15,928.51,0
10,172,54,2025-01-16,Store,2,23.66,0.154,0,Debit Card,19,6,40.93,0
774,146,36,2025-03-14,Store,1,146.49,0.196,0,Digital Wallet,51,8,133.69,0
335,34,64,2025-03-21,App,2,82.78,0.137,0,Digital Wallet,41,7,155.13,0
163,243,47,2025-08-21,Web,6,247.35,0.176,0,,28,12,1153.87,0
912,222,25,2025-02-14,Store,6,153.1,0.021,1,Debit Card,47,4,1049.95,0
218,74,54,2025-04-09,Store,7,25.88,0.049,1,Digital Wallet,20,15,213.07,0
135,114,32,2025-02-12,Store,4,199.96,0.068,0,Debit Card,50,11,797.04,0
221,211,25,2025-11-10,Store,1,151.23,0.047,0,Debit Card,50,11,136.12,0
57,236,12,2025-07-22,Store,4,16.01,0.112,0,Digital Wallet,72,9,48.35,0
331,232,34,2025-03-13,Store,2,187.14,0.141,0,Digital Wallet,16,11,354.4,0
181,72,39,2025-04-12,Store,4,325.37,0.166,1,Credit Card,25,7,1507.86,0
804,181,11,2025-02-09,App,2,369.56,0.048,0,Credit Card,23,16,849.04,0
821,146,38,2025-11-14,Store,4,12.44,0.078,1,Digital Wallet,7,7,46.93,1
858,157,33,2025-05-26,Store,7,677.77,0.077,0,Debit Card,45,6,4840.37,0
1008,50,25,2025-07-12,Store,2,,0.043,0,Digital Wallet,16,11,269.93,0
965,275,53,2025-10-04,Store,3,61.68,,0,Digital Wallet,33,9,153.49,0
1066,150,29,2025-10-28,Store,2,8.76,0.121,1,Transfer,20,7,16.96,1
73,112,10,2025-10-19,,3,15.3,0.129,0,Digital Wallet,30,12,46.65,0
511,239,32,2025-09-19,App,2,232.35,0.11,0,Debit Card,61,8,372.66,0
1032,74,42,2025-10-20,App,1,329.09,0.029,1,Debit Card,36,9,314.2,0
39,93,25,2025-05-12,Store,6,122.74,0.164,0,Digital Wallet,40,10,664.63,0
250,174,17,2025-07-09,Store,7,43.51,0.201,1,Digital Wallet,59,12,278.69,0
196,184,11,2025-04-10,Store,3,344.95,0.051,0,Credit Card,9,10,1099.98,0
168,216,24,2025-05-25,Store,7,380.69,0.164,0,Digital Wallet,20,19,2779.52,0
287,202,56,2025-10-24,Store,7,251.62,0.143,1,Digital Wallet,38,7,1445.56,0
614,160,41,2025-03-06,Web,7,80.89,0.232,0,Digital Wallet,43,9,488.39,0
878,23,59,2025-07-21,Store,4,,0.137,0,Digital Wallet,46,9,1101.07,0
13,269,34,2025-05-17,Store,1,,0.079,0,Debit Card,51,7,217.22,0
517,110,49,2025-03-18,Store,4,212.8,0.186,0,Debit Card,39,11,768.92,0
149,270,10,2025-11-25,App,2,17.48,0.182,0,Digital Wallet,61,11,16.16,1
241,260,43,2025-01-28,Store,4,27.9,0.04,0,Digital Wallet,27,12,115.79,0
477,43,51,2025-06-24,App,2,54.16,0.199,0,Digital Wallet,27,6,92.14,1
649,175,1,2025-11-02,Store,2,483.4,0.074,1,Digital Wallet,34,7,989.33,0
256,84,34,2025-09-03,Store,5,203.11,0.114,0,Credit Card,57,14,798.1,0
146,53,51,2025-02-19,Store,3,40.87,0.035,0,Digital Wallet,23,9,123.26,0
471,137,52,2025-12-22,Store,5,153.63,0.159,0,Transfer,32,9,609.44,0
558,66,64,2025-02-11,Store,7,78.35,0.157,0,Digital Wallet,29,7,488.28,0
263,80,31,2025-06-16,Store,1,,0.184,0,Debit Card,53,14,400.19,0
476,74,8,2025-09-15,Store,7,81.02,0.205,0,Debit Card,13,6,411.44,0
328,233,54,2025-04-11,App,6,30.81,0.164,0,Digital Wallet,50,8,173.27,0
493,174,61,2025-10-27,Web,3,767.38,0.003,0,Debit Card,86,6,2012.72,0
240,132,12,2025-06-23,Web,7,15.63,0.117,0,Digital Wallet,48,9,104.76,0
137,110,51,2025-03-05,Store,5,50.66,0.069,0,Digital Wallet,40,9,255.03,0
386,162,9,2025-01-28,Store,3,13.12,0.117,1,Digital Wallet,34,6,35.38,0
815,136,50,2025-07-14,Store,7,485.16,0.176,1,Digital Wallet,19,7,3072.65,0
247,94,63,2025-07-08,Store,4,755.92,0.085,1,Credit Card,59,9,3026.26,0
536,109,62,2025-10-05,App,5,39.81,0.136,0,Digital Wallet,35,10,176.9,0
293,130,64,2025-10-02,Store,6,71.1,0.113,0,Digital Wallet,27,17,333.31,0
407,226,55,2025-10-16,,2,16.74,0.173,0,Digital Wallet,25,5,29.55,0
170,200,19,2025-07-24,Web,1,93.05,0.104,1,Digital Wallet,5,9,92.28,0
9,219,30,2025-10-09,Web,7,19.02,0.032,1,Digital Wallet,18,8,126.03,0
745,168,10,2025-07-23,Store,7,17.23,0.146,0,Digital Wallet,32,6,112.6,0
690,274,57,2025-08-28,Web,5,218.29,0.129,1,Digital Wallet,31,9,975.19,0
113,114,37,2025-11-13,Store,1,5.55,0.06,0,Digital Wallet,35,4,8.16,0
743,180,54,2025-07-02,Store,7,31.14,0.167,0,Digital Wallet,17,10,182.39,0
4,152,13,2025-02-06,Web,2,17.59,,0,Digital Wallet,35,8,29.71,1
644,249,46,2025-06-15,Store,3,30.23,0.003,1,Digital Wallet,22,10,129.3,1
986,52,31,2025-11-16,Store,3,491.77,0.319,1,Digital Wallet,31,14,1107.81,0
303,276,15,2025-10-24,Store,6,4.69,0.147,1,Digital Wallet,70,10,21.36,0
188,282,31,2025-10-14,Store,6,482.24,0.069,1,Credit Card,58,13,2588.8,0
730,220,27,2025-01-24,Store,7,8.26,0.049,1,Digital Wallet,42,8,56.16,0
244,100,62,2025-10-22,App,6,44.73,0.16,0,Digital Wallet,55,11,206.99,0
94,62,5,2025-05-26,App,6,82.55,0.04,0,Digital Wallet,33,9,516.06,0
369,252,54,2025-03-02,App,1,28.75,0.0,0,Transfer,23,8,27.99,1
923,196,10,2025-12-12,App,6,,0.124,1,Credit Card,52,9,88.61,1
30,151,40,2025-04-28,App,6,559.19,0.024,0,Digital Wallet,44,4,3661.16,0
778,87,37,2025-04-11,Store,3,5.61,0.107,0,Digital Wallet,38,11,21.3,1
977,181,22,2025-12-04,Store,5,76.27,0.0,0,Digital Wallet,28,12,356.42,0
11,162,8,2025-06-04,App,3,90.74,0.037,1,Digital Wallet,23,10,308.65,0
845,161,34,2025-09-27,Web,2,181.56,0.158,0,Digital Wallet,25,8,310.48,0
12,238,25,2025-10-17,Store,2,135.82,0.149,0,Debit Card,21,10,196.94,0
1068,160,27,2025-05-29,App,5,6.68,0.178,0,Credit Card,36,6,25.05,1
760,25,52,2025-06-29,Store,1,136.86,0.101,1,Debit Card,39,8,159.99,0
921,51,63,2025-02-15,App,6,715.93,0.04,1,Digital Wallet,45,7,5407.14,0
378,138,33,2025-11-27,Web,3,600.09,0.103,1,Digital Wallet,40,9,1575.53,0
819,273,19,2025-12-27,Store,2,91.46,0.055,0,Debit Card,28,5,191.32,0
420,84,47,2025-12-03,Store,4,251.11,0.124,1,Digital Wallet,39,13,909.89,0
781,96,37,2025-10-02,Store,6,6.85,0.052,0,Transfer,32,6,36.79,1
692,163,61,2025-08-06,Store,5,806.09,0.183,0,Digital Wallet,40,9,3098.76,0
600,232,2,2025-03-21,Store,1,9.51,0.223,0,Digital Wallet,47,6,21.68,0
35,169,40,2025-01-22,Store,4,565.47,0.168,0,Transfer,45,9,1878.97,0
466,7,62,2025-04-09,Store,3,39.55,0.04,1,Digital Wallet,37,7,153.0,1
1014,245,45,2025-11-12,Store,5,11.72,0.106,0,Digital Wallet,6,10,45.72,1
538,226,53,2025-06-01,Web,2,56.72,0.123,0,Debit Card,24,7,124.72,0
184,40,57,2025-11-26,App,2,217.44,0.032,0,Digital Wallet,4,10,378.75,0
832,225,10,2025-11-11,,5,19.39,0.048,0,Digital Wallet,32,14,67.58,0
270,228,32,2025-11-09,App,5,207.41,0.101,0,Credit Card,49,10,933.88,0
75,222,22,2025-09-13,App,7,83.11,0.127,1,Digital Wallet,32,14,564.6,0
829,252,21,2025-05-06,Store,9,33.95,0.163,0,Debit Card,1,11,200.73,0
930,96,62,2025-08-20,Store,5,37.07,0.331,0,Debit Card,35,9,118.49,0
90,226,20,2025-07-17,Store,6,5.74,0.019,1,,30,6,38.95,0
42,167,60,2025-11-21,App,5,40.04,0.082,0,Credit Card,19,9,181.12,0
478,156,45,2025-01-21,Web,5,12.23,0.181,0,Credit Card,35,7,53.64,1
145,1,61,2025-10-02,Store,5,617.18,0.188,0,Debit Card,49,10,2196.92,0
641,58,25,2025-10-13,Store,1,124.44,0.001,1,Debit Card,56,7,114.65,1
757,189,57,2025-10-17,Web,7,221.81,0.064,0,Debit Card,23,9,1285.82,0
281,97,44,2025-03-11,App,7,11.91,0.101,0,Digital Wallet,14,7,88.84,0
951,75,25,2025-06-09,Store,4,118.64,0.07,0,Digital Wallet,12,6,470.23,0
971,163,49,2025-09-21,Store,7,205.59,0.162,1,Credit Card,87,16,1334.8,0
1053,201,7,2025-08-27,,2,593.08,0.12,0,Digital Wallet,50,9,978.24,0
96,141,54,2025-08-25,Store,1,23.9,0.044,0,Debit Card,37,9,24.3,1
751,278,65,2025-12-30,App,5,342.98,0.053,0,Debit Card,13,6,1527.31,0
811,251,26,2025-04-27,Store,4,52.96,0.078,1,Digital Wallet,60,14,270.28,0
827,58,28,2025-07-03,Store,1,16.3,0.04,0,Digital Wallet,54,15,6.55,0
97,28,55,2025-02-18,Store,7,16.04,,0,Digital Wallet,50,10,105.48,0
67,70,48,2025-05-18,,5,5.18,0.214,0,Digital Wallet,80,12,16.63,1
44,234,16,2025-10-10,Store,1,32.74,0.008,0,Digital Wallet,20,7,22.31,0
332,209,19,2025-11-01,Store,4,87.14,0.196,0,Digital Wallet,1,9,283.32,0
960,209,31,2025-06-21,Store,5,557.31,0.047,1,Digital Wallet,65,5,3485.17,0
677,97,6,2025-05-20,Store,6,254.97,0.176,0,Digital Wallet,19,9,1391.97,0
268,259,38,2025-03-30,Store,3,11.58,0.086,0,Digital Wallet,1,7,40.95,0
325,93,55,2025-10-18,Store,1,15.23,0.032,0,Debit Card,15,10,4.39,0
860,174,5,2025-12-07,Web,1,67.38,0.033,0,Digital Wallet,39,6,63.31,0
499,55,13,2025-06-02,Store,2,14.41,0.056,1,Digital Wallet,5,12,33.18,0
248,23,53,2025-05-09,App,2,58.42,0.159,1,Digital Wallet,30,9,121.53,0
578,88,58,2025-08-12,Store,5,8.23,0.04,0,Debit Card,42,11,45.92,1
1013,218,37,2025-06-09,Store,2,5.94,0.036,0,Digital Wallet,53,9,18.47,1
962,59,56,2025-07-11,Store,3,224.18,0.0,0,Transfer,54,8,673.52,0
867,242,62,2025-08-27,Store,3,39.28,0.173,0,Digital Wallet,64,7,88.78,1
911,177,65,2025-10-23,Store,6,410.1,0.125,0,Debit Card,35,12,1889.47,0
828,133,66,2025-06-24,Store,2,141.12,0.043,0,Digital Wallet,78,9,286.8,0
870,217,27,2025-08-09,Store,3,8.0,0.085,0,Transfer,1,10,31.01,1
868,264,49,2025-04-18,Web,1,220.59,0.192,0,Digital Wallet,53,7,200.07,0
871,193,55,2025-02-06,Web,1,15.66,0.056,0,Cash,60,9,18.94,0
796,87,11,2025-02-26,Store,4,342.06,0.095,0,Credit Card,28,13,1301.68,0
764,282,3,2025-04-06,Store,7,15.39,0.039,0,Digital Wallet,48,7,139.96,1
443,55,15,2025-03-29,Web,5,4.27,0.051,1,Cash,68,16,22.65,1
679,105,10,2025-03-27,Store,4,18.11,0.168,0,,22,8,72.02,0
892,147,60,2025-09-20,App,4,42.79,0.229,0,Digital Wallet,69,11,119.72,0
924,251,16,2025-08-20,Web,2,33.54,0.139,0,Transfer,1,4,54.9,1
76,25,3,2025-12-04,Store,4,15.52,0.078,0,Digital Wallet,14,10,49.22,1
802,184,36,2025-12-28,App,7,144.25,0.085,0,Debit Card,31,14,984.5,0
1031,5,7,2025-01-21,Web,6,608.39,0.221,0,,5,11,2847.33,0
262,72,1,2025-04-02,Store,2,503.75,0.101,0,Digital Wallet,47,12,1012.07,0
508,180,19,2025-02-20,Store,3,98.87,0.094,0,Digital Wallet,62,8,287.17,0
459,6,62,2025-07-21,Store,5,45.92,0.205,0,Digital Wallet,30,12,175.07,0
45,266,19,2025-02-27,Store,1,,0.174,1,Digital Wallet,1,9,83.39,0
461,242,45,2025-02-02,App,2,9.82,0.104,1,Credit Card,33,12,28.8,1
652,240,37,2025-11-30,Store,6,6.43,0.067,0,Credit Card,34,3,34.37,0
53,38,47,2025-09-26,Store,1,255.61,0.08,0,Credit Card,28,6,209.73,0
119,72,28,2025-01-04,Store,4,,0.169,0,Digital Wallet,18,8,66.45,0
879,257,27,2025-04-06,Store,5,9.3,0.174,0,Debit Card,45,6,44.36,0
554,151,1,2025-07-05,App,7,602.43,0.041,0,Digital Wallet,21,15,4577.06,0
353,29,63,2025-04-30,Store,4,776.53,0.133,0,Credit Card,57,11,3019.44,0
192,58,7,2025-02-26,Store,4,,0.136,0,Digital Wallet,21,9,1709.68,0
307,104,17,2025-03-14,Store,7,39.08,0.088,1,Digital Wallet,14,14,305.13,0
1005,220,38,2025-02-24,App,4,12.53,0.148,0,Digital Wallet,59,7,40.1,0
423,33,49,2025-01-12,App,4,208.46,0.06,0,Digital Wallet,54,12,891.51,0
647,84,54,2025-09-27,Store,2,28.23,0.16,1,Debit Card,19,13,56.86,0
276,268,40,2025-03-18,App,5,515.66,0.133,0,Digital Wallet,31,11,2471.08,0
510,140,35,2025-07-03,App,3,222.4,0.101,1,Digital Wallet,20,9,657.67,0
342,116,60,2025-12-14,App,6,39.8,0.094,0,Debit Card,25,7,221.35,0
1015,53,51,2025-05-09,Store,5,47.88,0.177,0,Digital Wallet,42,7,214.5,0
966,86,13,2025-08-23,Store,7,20.0,0.204,0,Credit Card,16,11,112.97,0
253,52,43,2025-05-03,App,2,29.92,,0,Digital Wallet,72,7,72.89,1
786,114,66,2025-04-18,App,2,144.61,0.166,0,Debit Card,112,9,272.35,0
564,153,62,2025-08-14,Store,6,38.71,0.094,0,Digital Wallet,45,7,191.81,0
1023,48,42,2025-10-11,Store,3,327.16,0.134,0,Digital Wallet,37,6,846.15,0
518,62,27,2025-03-07,Store,2,7.99,0.0,0,Credit Card,55,10,13.13,1
950,219,62,2025-05-23,Store,1,40.34,0.216,0,Digital Wallet,10,12,38.44,0
34,59,9,2025-09-17,Store,7,11.03,0.093,1,Cash,38,7,72.19,1
568,219,63,2025-12-25,Store,3,655.23,0.112,1,Transfer,42,9,1801.01,0
77,282,52,2025-10-02,Store,5,152.73,0.217,0,Credit Card,22,10,538.33,0
972,135,53,2025-04-01,Store,2,55.42,0.108,1,Digital Wallet,29,14,112.53,0
105,113,42,2025-06-14,Web,2,319.52,0.0,0,Digital Wallet,9,4,768.17,0
232,155,49,2025-05-29,Store,3,194.68,0.188,1,Digital Wallet,80,10,575.21,0
338,18,55,2025-07-21,Store,5,16.38,0.193,0,Transfer,10,7,69.41,1
426,201,24,2025-03-26,Store,7,501.98,0.0,0,Digital Wallet,20,8,3892.81,0
306,111,46,2025-01-20,Store,2,27.52,0.065,0,Credit Card,1,8,48.13,1
956,90,6,2025-11-22,Store,4,243.34,0.209,1,Credit Card,17,3,847.0,0
450,74,56,2025-07-17,Store,2,220.99,0.14,0,Digital Wallet,20,4,386.11,0
594,107,9,2025-12-05,Store,1,14.73,0.0,0,Transfer,1,11,14.75,1
1035,103,56,2025-03-18,Store,4,225.73,0.134,0,Digital Wallet,14,7,867.02,0
987,94,10,2025-01-13,Store,2,15.58,0.126,0,Credit Card,17,13,27.37,0
286,255,16,2025-03-15,Store,6,33.81,0.099,0,Credit Card,38,6,223.65,0
1028,46,59,2025-06-18,Web,6,272.48,0.074,0,Credit Card,9,17,1598.59,0
80,251,5,2025-06-22,Web,1,81.21,0.091,0,Digital Wallet,1,4,90.19,1
329,46,53,2025-01-26,Store,4,65.43,0.065,0,Digital Wallet,10,11,278.31,0
709,159,53,2025-05-01,Store,3,57.28,0.066,0,Digital Wallet,53,16,181.24,0
769,24,50,2025-10-13,Store,4,421.05,0.159,0,Digital Wallet,6,11,1249.93,0
274,25,34,2025-01-19,Store,9,181.35,0.152,0,Digital Wallet,74,8,2048.09,0
660,45,7,2025-10-24,Store,1,590.07,0.148,0,Debit Card,48,8,439.24,0
808,105,47,2025-12-21,Store,4,,0.167,0,Digital Wallet,15,7,818.03,0
352,59,45,2025-01-21,Store,5,11.61,0.151,0,Debit Card,23,2,47.8,0
601,121,46,2025-01-01,Store,7,35.63,,0,,69,14,257.16,0
26,157,9,2025-05-04,Store,5,13.25,0.127,1,Digital Wallet,44,12,81.56,0
446,145,15,2025-10-06,Store,1,3.99,0.041,1,Digital Wallet,67,13,3.5,0
762,281,50,2025-08-31,Store,15,418.72,0.058,0,Digital Wallet,75,10,4535.33,0
502,71,9,2025-03-21,Store,2,13.72,0.132,0,Debit Card,12,14,25.82,0
773,241,14,2025-10-19,Store,3,532.67,0.109,1,Credit Card,83,10,1546.16,0
1061,17,41,2025-04-10,Web,3,80.54,0.02,0,Digital Wallet,40,9,271.13,0
552,273,13,2025-09-22,Store,1,17.22,0.192,0,Credit Card,20,8,2.89,1
131,130,49,2025-05-07,Store,7,210.94,,0,Digital Wallet,58,6,1616.94,0
19,86,16,2025-05-30,Store,2,35.35,0.105,0,Digital Wallet,45,5,75.21,0
835,32,57,2025-06-12,Store,4,192.71,0.217,0,Digital Wallet,23,6,643.89,0
424,193,43,2025-11-28,Store,7,32.28,0.07,1,Digital Wallet,1,13,220.31,0
928,141,55,2025-04-16,App,4,16.54,0.195,0,Digital Wallet,36,4,63.29,0
505,114,44,2025-02-26,App,3,11.87,0.008,1,Debit Card,45,7,31.83,1
988,6,3,2025-12-26,Store,4,15.17,0.045,1,Debit Card,26,8,55.27,1
702,169,7,2025-10-25,Store,4,517.27,0.279,0,Transfer,17,7,1477.15,0
